REGIÃO,DATA FINAL,PREÇO MÉDIO REVENDA
CENTRO OESTE,2004-05-15,1.099
CENTRO OESTE,2004-05-22,1.099
CENTRO OESTE,2004-05-29,1.099
CENTRO OESTE,2004-06-05,1.099
CENTRO OESTE,2004-06-12,1.099
CENTRO OESTE,2004-06-19,1.099
CENTRO OESTE,2004-06-26,1.097
CENTRO OESTE,2004-07-03,1.099
CENTRO OESTE,2004-07-10,1.099
CENTRO OESTE,2004-07-17,1.144
CENTRO OESTE,2004-07-24,1.144
CENTRO OESTE,2004-07-31,1.144
CENTRO OESTE,2004-08-07,1.144
CENTRO OESTE,2004-08-14,1.144
CENTRO OESTE,2004-08-21,1.144
CENTRO OESTE,2004-08-28,1.144
CENTRO OESTE,2004-09-04,1.144
CENTRO OESTE,2004-09-11,1.144
CENTRO OESTE,2004-09-18,1.144
CENTRO OESTE,2004-09-25,1.137
CENTRO OESTE,2004-10-02,1.137
CENTRO OESTE,2004-10-09,1.137
CENTRO OESTE,2004-10-16,1.137
CENTRO OESTE,2004-10-23,1.139
CENTRO OESTE,2004-10-30,1.139
CENTRO OESTE,2004-11-06,1.139
CENTRO OESTE,2004-11-13,1.139
CENTRO OESTE,2004-11-20,1.139
CENTRO OESTE,2004-11-27,1.139
CENTRO OESTE,2004-12-04,1.139
CENTRO OESTE,2004-12-11,1.167
CENTRO OESTE,2004-12-18,1.169
CENTRO OESTE,2004-12-25,1.169
CENTRO OESTE,2005-01-01,1.169
CENTRO OESTE,2005-01-08,1.169
CENTRO OESTE,2005-01-15,1.169
CENTRO OESTE,2005-01-22,1.169
CENTRO OESTE,2005-01-29,1.169
CENTRO OESTE,2005-02-05,1.169
CENTRO OESTE,2005-02-12,1.169
CENTRO OESTE,2005-02-19,1.169
CENTRO OESTE,2005-02-26,1.169
CENTRO OESTE,2005-03-05,1.169
CENTRO OESTE,2005-03-12,1.159
CENTRO OESTE,2005-03-19,1.169
CENTRO OESTE,2005-03-26,1.169
CENTRO OESTE,2005-04-02,1.169
CENTRO OESTE,2005-04-09,1.169
CENTRO OESTE,2005-04-16,1.169
CENTRO OESTE,2005-04-23,1.169
CENTRO OESTE,2005-04-30,1.169
CENTRO OESTE,2005-05-07,1.249
CENTRO OESTE,2005-05-14,1.249
CENTRO OESTE,2005-05-21,1.249
CENTRO OESTE,2005-05-28,1.249
CENTRO OESTE,2005-06-04,1.249
CENTRO OESTE,2005-06-11,1.249
CENTRO OESTE,2005-06-18,1.249
CENTRO OESTE,2005-06-25,1.249
CENTRO OESTE,2005-07-02,1.249
CENTRO OESTE,2005-07-09,1.249
CENTRO OESTE,2005-07-16,1.249
CENTRO OESTE,2005-07-23,1.249
CENTRO OESTE,2005-07-30,1.249
CENTRO OESTE,2005-08-06,1.249
CENTRO OESTE,2005-08-13,1.249
CENTRO OESTE,2005-09-03,1.249
CENTRO OESTE,2005-09-10,1.27
CENTRO OESTE,2005-09-17,1.307
CENTRO OESTE,2005-09-24,1.319
CENTRO OESTE,2005-10-01,1.306
CENTRO OESTE,2005-10-08,1.319
CENTRO OESTE,2005-10-15,1.405
CENTRO OESTE,2005-10-22,1.49
CENTRO OESTE,2005-10-29,1.319
CENTRO OESTE,2005-11-05,1.319
CENTRO OESTE,2005-11-12,1.317
CENTRO OESTE,2005-11-19,1.319
CENTRO OESTE,2005-11-26,1.319
CENTRO OESTE,2005-12-03,1.319
CENTRO OESTE,2005-12-10,1.319
CENTRO OESTE,2005-12-17,1.319
CENTRO OESTE,2005-12-24,1.584
CENTRO OESTE,2005-12-31,1.642
CENTRO OESTE,2006-01-07,1.646
CENTRO OESTE,2006-01-14,1.692
CENTRO OESTE,2006-01-21,1.319
CENTRO OESTE,2006-01-28,1.319
CENTRO OESTE,2006-02-04,1.319
CENTRO OESTE,2006-02-11,1.489
CENTRO OESTE,2006-02-18,1.489
CENTRO OESTE,2006-02-25,1.489
CENTRO OESTE,2006-03-04,1.489
CENTRO OESTE,2006-03-11,1.489
CENTRO OESTE,2006-03-18,1.489
CENTRO OESTE,2006-03-25,1.489
CENTRO OESTE,2006-04-01,1.853
CENTRO OESTE,2006-04-08,1.489
CENTRO OESTE,2006-04-15,1.489
CENTRO OESTE,2006-04-22,1.496
CENTRO OESTE,2006-04-29,1.497
CENTRO OESTE,2006-05-06,1.568
CENTRO OESTE,2006-05-13,1.566
CENTRO OESTE,2006-05-20,1.568
CENTRO OESTE,2006-05-27,1.568
CENTRO OESTE,2006-06-03,1.569
CENTRO OESTE,2006-06-10,1.551
CENTRO OESTE,2006-06-17,1.534
CENTRO OESTE,2006-06-24,1.542
CENTRO OESTE,2006-07-01,1.53
CENTRO OESTE,2006-07-08,1.569
CENTRO OESTE,2006-07-15,1.558
CENTRO OESTE,2006-07-22,1.532
CENTRO OESTE,2006-07-29,1.562
CENTRO OESTE,2006-08-05,1.546
CENTRO OESTE,2006-08-12,1.547
CENTRO OESTE,2006-08-19,1.553
CENTRO OESTE,2006-08-26,1.523
CENTRO OESTE,2006-09-02,1.51
CENTRO OESTE,2006-09-09,1.501
CENTRO OESTE,2006-09-16,1.485
CENTRO OESTE,2006-09-23,1.481
CENTRO OESTE,2006-09-30,1.451
CENTRO OESTE,2006-10-07,1.42
CENTRO OESTE,2006-10-14,1.438
CENTRO OESTE,2006-10-21,1.404
CENTRO OESTE,2006-10-28,1.373
CENTRO OESTE,2006-11-04,1.371
CENTRO OESTE,2006-11-11,1.396
CENTRO OESTE,2006-11-18,1.521
CENTRO OESTE,2006-11-25,1.518
CENTRO OESTE,2006-12-02,1.509
CENTRO OESTE,2006-12-09,1.499
CENTRO OESTE,2006-12-16,1.509
CENTRO OESTE,2006-12-23,1.484
CENTRO OESTE,2006-12-30,1.517
CENTRO OESTE,2007-01-06,1.5
CENTRO OESTE,2007-01-13,1.512
CENTRO OESTE,2007-01-20,1.523
CENTRO OESTE,2007-01-27,1.52
CENTRO OESTE,2007-02-03,1.507
CENTRO OESTE,2007-02-10,1.53
CENTRO OESTE,2007-02-17,1.569
CENTRO OESTE,2007-02-24,1.555
CENTRO OESTE,2007-03-03,1.544
CENTRO OESTE,2007-03-10,1.545
CENTRO OESTE,2007-03-17,1.535
CENTRO OESTE,2007-03-24,1.53
CENTRO OESTE,2007-03-31,1.545
CENTRO OESTE,2007-04-07,1.674
CENTRO OESTE,2007-04-14,1.567
CENTRO OESTE,2007-04-21,1.569
CENTRO OESTE,2007-04-28,1.569
CENTRO OESTE,2007-05-05,1.569
CENTRO OESTE,2007-05-12,1.569
CENTRO OESTE,2007-05-19,1.49
CENTRO OESTE,2007-05-26,1.49
CENTRO OESTE,2007-06-02,1.462
CENTRO OESTE,2007-06-09,1.427
CENTRO OESTE,2007-06-16,1.401
CENTRO OESTE,2007-06-23,1.381
CENTRO OESTE,2007-06-30,1.377
CENTRO OESTE,2007-07-07,1.317
CENTRO OESTE,2007-07-14,1.309
CENTRO OESTE,2007-07-21,1.315
CENTRO OESTE,2007-07-28,1.26
CENTRO OESTE,2007-08-04,1.226
CENTRO OESTE,2007-08-11,1.21
CENTRO OESTE,2007-08-18,1.208
CENTRO OESTE,2007-08-25,1.202
CENTRO OESTE,2007-09-01,1.2
CENTRO OESTE,2007-09-08,1.188
CENTRO OESTE,2007-09-15,1.199
CENTRO OESTE,2007-09-22,1.206
CENTRO OESTE,2007-09-29,1.238
CENTRO OESTE,2007-10-06,1.256
CENTRO OESTE,2007-10-13,1.256
CENTRO OESTE,2007-10-20,1.253
CENTRO OESTE,2007-10-27,1.255
CENTRO OESTE,2007-11-03,1.348
CENTRO OESTE,2007-11-10,1.351
CENTRO OESTE,2007-11-17,1.398
CENTRO OESTE,2007-11-24,1.423
CENTRO OESTE,2007-12-01,1.471
CENTRO OESTE,2007-12-08,1.467
CENTRO OESTE,2007-12-15,1.478
CENTRO OESTE,2007-12-22,1.495
CENTRO OESTE,2007-12-29,1.497
CENTRO OESTE,2008-01-05,1.52
CENTRO OESTE,2008-01-12,1.581
CENTRO OESTE,2008-01-19,1.584
CENTRO OESTE,2008-01-26,1.563
CENTRO OESTE,2008-02-02,1.551
CENTRO OESTE,2008-02-09,1.589
CENTRO OESTE,2008-02-16,1.591
CENTRO OESTE,2008-02-23,1.554
CENTRO OESTE,2008-03-01,1.523
CENTRO OESTE,2008-03-08,1.481
CENTRO OESTE,2008-03-15,1.555
CENTRO OESTE,2008-03-22,1.58
CENTRO OESTE,2008-03-29,1.541
CENTRO OESTE,2008-04-05,1.494
CENTRO OESTE,2008-04-12,1.471
CENTRO OESTE,2008-04-19,1.454
CENTRO OESTE,2008-04-26,1.437
CENTRO OESTE,2008-05-03,1.435
CENTRO OESTE,2008-05-10,1.463
CENTRO OESTE,2008-05-17,1.451
CENTRO OESTE,2008-05-24,1.451
CENTRO OESTE,2008-05-31,1.414
CENTRO OESTE,2008-06-07,1.382
CENTRO OESTE,2008-06-14,1.324
CENTRO OESTE,2008-06-21,1.296
CENTRO OESTE,2008-06-28,1.264
CENTRO OESTE,2008-07-05,1.257
CENTRO OESTE,2008-07-12,1.251
CENTRO OESTE,2008-07-19,1.304
CENTRO OESTE,2008-07-26,1.33
CENTRO OESTE,2008-08-02,1.295
CENTRO OESTE,2008-08-09,1.278
CENTRO OESTE,2008-08-16,1.241
CENTRO OESTE,2008-08-23,1.233
CENTRO OESTE,2008-08-30,1.269
CENTRO OESTE,2008-09-06,1.375
CENTRO OESTE,2008-09-13,1.38
CENTRO OESTE,2008-09-20,1.378
CENTRO OESTE,2008-09-27,1.404
CENTRO OESTE,2008-10-04,1.469
CENTRO OESTE,2008-10-11,1.481
CENTRO OESTE,2008-10-18,1.476
CENTRO OESTE,2008-10-25,1.479
CENTRO OESTE,2008-11-01,1.474
CENTRO OESTE,2008-11-08,1.349
CENTRO OESTE,2008-11-15,1.299
CENTRO OESTE,2008-11-22,1.268
CENTRO OESTE,2008-11-29,1.298
CENTRO OESTE,2008-12-06,1.3
CENTRO OESTE,2008-12-13,1.303
CENTRO OESTE,2008-12-20,1.325
CENTRO OESTE,2008-12-27,1.368
CENTRO OESTE,2009-01-03,1.371
CENTRO OESTE,2009-01-10,1.375
CENTRO OESTE,2009-01-17,1.49
CENTRO OESTE,2009-01-24,1.51
CENTRO OESTE,2009-01-31,1.526
CENTRO OESTE,2009-02-07,1.602
CENTRO OESTE,2009-02-14,1.526
CENTRO OESTE,2009-02-21,1.52
CENTRO OESTE,2009-02-28,1.505
CENTRO OESTE,2009-03-07,1.526
CENTRO OESTE,2009-03-14,1.552
CENTRO OESTE,2009-03-21,1.551
CENTRO OESTE,2009-03-28,1.545
CENTRO OESTE,2009-04-04,1.544
CENTRO OESTE,2009-04-11,1.539
CENTRO OESTE,2009-04-18,1.529
CENTRO OESTE,2009-04-25,1.515
CENTRO OESTE,2009-05-02,1.499
CENTRO OESTE,2009-05-09,1.486
CENTRO OESTE,2009-05-16,1.463
CENTRO OESTE,2009-05-23,1.443
CENTRO OESTE,2009-05-30,1.382
CENTRO OESTE,2009-06-06,1.368
CENTRO OESTE,2009-06-13,1.323
CENTRO OESTE,2009-06-20,1.317
CENTRO OESTE,2009-06-27,1.283
CENTRO OESTE,2009-07-04,1.264
CENTRO OESTE,2009-07-11,1.236
CENTRO OESTE,2009-07-18,1.272
CENTRO OESTE,2009-07-25,1.272
CENTRO OESTE,2009-08-01,1.313
CENTRO OESTE,2009-08-08,1.326
CENTRO OESTE,2009-08-15,1.356
CENTRO OESTE,2009-09-05,1.204
CENTRO OESTE,2009-09-12,1.211
CENTRO OESTE,2009-09-19,1.253
CENTRO OESTE,2009-09-26,1.356
CENTRO OESTE,2009-10-03,1.339
CENTRO OESTE,2009-10-10,1.351
CENTRO OESTE,2009-10-17,1.352
CENTRO OESTE,2009-10-24,1.389
CENTRO OESTE,2009-10-31,1.452
CENTRO OESTE,2009-11-07,1.458
CENTRO OESTE,2009-11-14,1.463
CENTRO OESTE,2009-11-21,1.489
CENTRO OESTE,2009-11-28,1.594
CENTRO OESTE,2009-12-05,1.602
CENTRO OESTE,2009-12-12,1.62
CENTRO OESTE,2009-12-19,1.613
CENTRO OESTE,2009-12-26,1.629
CENTRO OESTE,2010-01-02,1.628
CENTRO OESTE,2010-01-09,1.644
CENTRO OESTE,2010-01-16,1.696
CENTRO OESTE,2010-01-23,1.728
CENTRO OESTE,2010-01-30,1.721
CENTRO OESTE,2010-02-06,1.746
CENTRO OESTE,2010-02-13,1.749
CENTRO OESTE,2010-02-20,1.868
CENTRO OESTE,2010-02-27,1.875
CENTRO OESTE,2010-03-06,1.822
CENTRO OESTE,2010-03-13,1.799
CENTRO OESTE,2010-03-20,1.708
CENTRO OESTE,2010-03-27,1.592
CENTRO OESTE,2010-04-03,1.544
CENTRO OESTE,2010-04-10,1.514
CENTRO OESTE,2010-04-17,1.517
CENTRO OESTE,2010-04-24,1.52
CENTRO OESTE,2010-05-01,1.51
CENTRO OESTE,2010-05-08,1.477
CENTRO OESTE,2010-05-15,1.465
CENTRO OESTE,2010-05-22,1.442
CENTRO OESTE,2010-05-29,1.417
CENTRO OESTE,2010-06-05,1.418
CENTRO OESTE,2010-06-12,1.406
CENTRO OESTE,2010-06-19,1.407
CENTRO OESTE,2010-06-26,1.399
CENTRO OESTE,2010-07-03,1.396
CENTRO OESTE,2010-07-10,1.387
CENTRO OESTE,2010-07-17,1.386
CENTRO OESTE,2010-07-24,1.444
CENTRO OESTE,2010-07-31,1.469
CENTRO OESTE,2010-08-07,1.443
CENTRO OESTE,2010-08-14,1.45
CENTRO OESTE,2010-08-21,1.459
CENTRO OESTE,2010-08-28,1.472
CENTRO OESTE,2010-09-04,1.475
CENTRO OESTE,2010-09-11,1.476
CENTRO OESTE,2010-09-18,1.475
CENTRO OESTE,2010-09-25,1.474
CENTRO OESTE,2010-10-02,1.478
CENTRO OESTE,2010-10-09,1.533
CENTRO OESTE,2010-10-16,1.626
CENTRO OESTE,2010-10-23,1.63
CENTRO OESTE,2010-10-30,1.657
CENTRO OESTE,2010-11-06,1.683
CENTRO OESTE,2010-11-13,1.692
CENTRO OESTE,2010-11-20,1.688
CENTRO OESTE,2010-11-27,1.687
CENTRO OESTE,2010-12-04,1.687
CENTRO OESTE,2010-12-11,1.688
CENTRO OESTE,2010-12-18,1.495
CENTRO OESTE,2010-12-25,1.705
CENTRO OESTE,2011-01-01,1.705
CENTRO OESTE,2011-01-08,1.717
CENTRO OESTE,2011-01-15,1.825
CENTRO OESTE,2011-01-22,1.749
CENTRO OESTE,2011-01-29,1.872
CENTRO OESTE,2011-02-05,1.871
CENTRO OESTE,2011-02-12,1.867
CENTRO OESTE,2011-02-19,1.495
CENTRO OESTE,2011-02-26,1.92
CENTRO OESTE,2011-03-05,1.978
CENTRO OESTE,2011-03-12,1.989
CENTRO OESTE,2011-03-19,2.002
CENTRO OESTE,2011-03-26,2.004
CENTRO OESTE,2011-04-02,1.749
CENTRO OESTE,2011-04-09,2.015
CENTRO OESTE,2011-04-16,2.011
CENTRO OESTE,2011-04-23,2.011
CENTRO OESTE,2011-04-30,2.016
CENTRO OESTE,2011-05-07,2.017
CENTRO OESTE,2011-05-14,2.014
CENTRO OESTE,2011-05-21,1.8
CENTRO OESTE,2011-05-28,1.68
CENTRO OESTE,2011-06-04,1.604
CENTRO OESTE,2011-06-11,1.579
CENTRO OESTE,2011-06-18,1.543
CENTRO OESTE,2011-06-25,1.564
CENTRO OESTE,2011-07-02,1.611
CENTRO OESTE,2011-07-09,1.65
CENTRO OESTE,2011-07-16,1.673
CENTRO OESTE,2011-07-23,1.713
CENTRO OESTE,2011-07-30,1.712
CENTRO OESTE,2011-08-06,1.716
CENTRO OESTE,2011-08-13,1.72
CENTRO OESTE,2011-08-20,1.726
CENTRO OESTE,2011-08-27,1.76
CENTRO OESTE,2011-09-03,1.867
CENTRO OESTE,2011-09-10,1.756
CENTRO OESTE,2011-09-17,1.757
CENTRO OESTE,2011-09-24,1.749
CENTRO OESTE,2011-10-01,1.765
CENTRO OESTE,2011-10-08,1.545
CENTRO OESTE,2011-10-15,1.545
CENTRO OESTE,2011-10-22,1.945
CENTRO OESTE,2011-10-29,1.62
CENTRO OESTE,2011-11-05,1.749
CENTRO OESTE,2011-11-12,1.95
CENTRO OESTE,2011-11-19,1.815
CENTRO OESTE,2011-11-26,1.749
CENTRO OESTE,2011-12-03,1.759
CENTRO OESTE,2011-12-10,2.001
CENTRO OESTE,2011-12-17,1.749
CENTRO OESTE,2011-12-24,1.84
CENTRO OESTE,2011-12-31,2.003
CENTRO OESTE,2012-01-07,1.994
CENTRO OESTE,2012-01-14,1.999
CENTRO OESTE,2012-01-21,1.995
CENTRO OESTE,2012-01-28,1.892
CENTRO OESTE,2012-02-04,1.973
CENTRO OESTE,2012-02-11,1.962
CENTRO OESTE,2012-02-18,1.891
CENTRO OESTE,2012-02-25,1.896
CENTRO OESTE,2012-03-03,1.938
CENTRO OESTE,2012-03-10,1.894
CENTRO OESTE,2012-03-17,1.976
CENTRO OESTE,2012-03-24,1.986
CENTRO OESTE,2012-03-31,1.988
CENTRO OESTE,2012-04-07,1.981
CENTRO OESTE,2012-04-14,1.976
CENTRO OESTE,2012-04-21,1.982
CENTRO OESTE,2012-04-28,1.976
CENTRO OESTE,2012-05-05,1.981
CENTRO OESTE,2012-05-12,1.82
CENTRO OESTE,2012-05-19,1.902
CENTRO OESTE,2012-05-26,1.933
CENTRO OESTE,2012-06-02,1.891
CENTRO OESTE,2012-06-09,1.912
CENTRO OESTE,2012-06-16,1.881
CENTRO OESTE,2012-06-23,1.877
CENTRO OESTE,2012-06-30,1.878
CENTRO OESTE,2012-07-07,1.872
CENTRO OESTE,2012-07-14,1.869
CENTRO OESTE,2012-07-21,1.855
CENTRO OESTE,2012-07-28,1.85
CENTRO OESTE,2012-08-04,1.844
CENTRO OESTE,2012-08-11,1.84
CENTRO OESTE,2012-08-18,1.842
CENTRO OESTE,2012-08-25,1.842
CENTRO OESTE,2012-09-01,1.832
CENTRO OESTE,2012-09-08,1.826
CENTRO OESTE,2012-09-15,1.825
CENTRO OESTE,2012-09-22,1.822
CENTRO OESTE,2012-09-29,1.838
CENTRO OESTE,2012-10-06,1.825
CENTRO OESTE,2012-10-13,1.808
CENTRO OESTE,2012-10-20,1.802
CENTRO OESTE,2012-10-27,1.801
CENTRO OESTE,2012-11-03,1.795
CENTRO OESTE,2012-11-10,1.795
CENTRO OESTE,2012-11-17,1.788
CENTRO OESTE,2012-11-24,1.793
CENTRO OESTE,2012-12-01,1.825
CENTRO OESTE,2012-12-08,1.814
CENTRO OESTE,2012-12-15,1.832
CENTRO OESTE,2012-12-22,1.873
CENTRO OESTE,2012-12-29,1.873
CENTRO OESTE,2013-01-05,1.871
CENTRO OESTE,2013-01-12,1.916
CENTRO OESTE,2013-01-19,1.944
CENTRO OESTE,2013-01-26,1.936
CENTRO OESTE,2013-02-02,1.952
CENTRO OESTE,2013-02-09,1.971
CENTRO OESTE,2013-02-16,1.986
CENTRO OESTE,2013-02-23,1.986
CENTRO OESTE,2013-03-02,1.989
CENTRO OESTE,2013-03-09,1.989
CENTRO OESTE,2013-03-16,1.994
CENTRO OESTE,2013-03-23,1.989
CENTRO OESTE,2013-03-30,1.996
CENTRO OESTE,2013-04-06,1.997
CENTRO OESTE,2013-04-13,1.994
CENTRO OESTE,2013-04-20,1.987
CENTRO OESTE,2013-04-27,1.983
CENTRO OESTE,2013-05-04,1.946
CENTRO OESTE,2013-05-11,1.939
CENTRO OESTE,2013-05-18,1.933
CENTRO OESTE,2013-05-25,1.904
CENTRO OESTE,2013-06-01,1.887
CENTRO OESTE,2013-06-08,1.933
CENTRO OESTE,2013-06-15,1.919
CENTRO OESTE,2013-06-22,1.902
CENTRO OESTE,2013-06-29,1.886
CENTRO OESTE,2013-07-06,1.873
CENTRO OESTE,2013-07-13,1.864
CENTRO OESTE,2013-07-20,1.864
CENTRO OESTE,2013-07-27,1.861
CENTRO OESTE,2013-08-03,1.859
CENTRO OESTE,2013-08-10,1.858
CENTRO OESTE,2013-08-17,1.853
CENTRO OESTE,2013-08-24,1.851
CENTRO OESTE,2013-08-31,1.853
CENTRO OESTE,2013-09-07,1.84
CENTRO OESTE,2013-09-14,1.844
CENTRO OESTE,2013-09-21,1.847
CENTRO OESTE,2013-09-28,1.938
CENTRO OESTE,2013-10-05,1.937
CENTRO OESTE,2013-10-12,1.944
CENTRO OESTE,2013-10-19,1.942
CENTRO OESTE,2013-10-26,1.942
CENTRO OESTE,2013-11-02,1.946
CENTRO OESTE,2013-11-09,1.943
CENTRO OESTE,2013-11-16,1.948
CENTRO OESTE,2013-11-23,1.944
CENTRO OESTE,2013-11-30,1.947
CENTRO OESTE,2013-12-07,1.982
CENTRO OESTE,2013-12-14,2.05
CENTRO OESTE,2013-12-21,2.046
CENTRO OESTE,2013-12-28,2.033
CENTRO OESTE,2014-01-04,2.045
CENTRO OESTE,2014-01-11,2.065
CENTRO OESTE,2014-01-18,2.075
CENTRO OESTE,2014-01-25,2.081
CENTRO OESTE,2014-02-01,2.039
CENTRO OESTE,2014-02-08,2.137
CENTRO OESTE,2014-02-15,2.124
CENTRO OESTE,2014-02-22,2.138
CENTRO OESTE,2014-03-01,2.148
CENTRO OESTE,2014-03-08,2.167
CENTRO OESTE,2014-03-15,2.159
CENTRO OESTE,2014-03-22,2.23
CENTRO OESTE,2014-03-29,2.246
CENTRO OESTE,2014-04-05,2.257
CENTRO OESTE,2014-04-12,2.258
CENTRO OESTE,2014-04-19,2.05
CENTRO OESTE,2014-04-26,2.251
CENTRO OESTE,2014-05-03,2.253
CENTRO OESTE,2014-05-10,2.249
CENTRO OESTE,2014-05-17,2.23
CENTRO OESTE,2014-05-24,2.194
CENTRO OESTE,2014-05-31,2.191
CENTRO OESTE,2014-06-07,2.182
CENTRO OESTE,2014-06-14,2.165
CENTRO OESTE,2014-06-21,2.117
CENTRO OESTE,2014-06-28,2.053
CENTRO OESTE,2014-07-05,2.045
CENTRO OESTE,2014-07-12,2.019
CENTRO OESTE,2014-07-19,2.018
CENTRO OESTE,2014-07-26,2.011
CENTRO OESTE,2014-08-02,1.954
CENTRO OESTE,2014-08-09,1.912
CENTRO OESTE,2014-08-16,1.903
CENTRO OESTE,2014-08-23,1.862
CENTRO OESTE,2014-08-30,1.885
CENTRO OESTE,2014-09-06,1.831
CENTRO OESTE,2014-09-13,1.829
CENTRO OESTE,2014-09-20,1.929
CENTRO OESTE,2014-09-27,1.988
CENTRO OESTE,2014-10-04,1.981
CENTRO OESTE,2014-10-11,1.985
CENTRO OESTE,2014-10-18,1.978
CENTRO OESTE,2014-10-25,1.98
CENTRO OESTE,2014-11-01,1.983
CENTRO OESTE,2014-11-08,1.985
CENTRO OESTE,2014-11-15,1.99
CENTRO OESTE,2014-11-22,1.989
CENTRO OESTE,2014-11-29,1.99
CENTRO OESTE,2014-12-06,1.989
CENTRO OESTE,2014-12-13,2.137
CENTRO OESTE,2014-12-20,2.14
CENTRO OESTE,2014-12-27,2.127
CENTRO OESTE,2015-01-03,2.084
CENTRO OESTE,2015-01-10,2.006
CENTRO OESTE,2015-01-17,1.989
CENTRO OESTE,2015-01-24,1.964
CENTRO OESTE,2015-01-31,1.982
CENTRO OESTE,2015-02-07,2.11
CENTRO OESTE,2015-02-14,2.133
CENTRO OESTE,2015-02-21,2.128
CENTRO OESTE,2015-02-28,2.136
CENTRO OESTE,2015-03-07,2.161
CENTRO OESTE,2015-03-14,2.168
CENTRO OESTE,2015-03-21,2.159
CENTRO OESTE,2015-03-28,2.146
CENTRO OESTE,2015-04-04,2.094
CENTRO OESTE,2015-04-11,2.117
CENTRO OESTE,2015-04-18,2.078
CENTRO OESTE,2015-04-25,2.082
CENTRO OESTE,2015-05-02,2.096
CENTRO OESTE,2015-05-09,2.074
CENTRO OESTE,2015-05-16,2.058
CENTRO OESTE,2015-05-23,2.06
CENTRO OESTE,2015-05-30,2.047
CENTRO OESTE,2015-06-06,2.01
CENTRO OESTE,2015-06-13,2.012
CENTRO OESTE,2015-06-20,2.003
CENTRO OESTE,2015-06-27,2.008
CENTRO OESTE,2015-07-04,1.992
CENTRO OESTE,2015-07-11,2.0
CENTRO OESTE,2015-07-18,2.002
CENTRO OESTE,2015-07-25,2.028
CENTRO OESTE,2015-08-01,2.002
CENTRO OESTE,2015-08-08,1.968
CENTRO OESTE,2015-08-15,1.948
CENTRO OESTE,2015-08-29,1.893
CENTRO OESTE,2015-09-05,1.9
CENTRO OESTE,2015-09-12,1.912
CENTRO OESTE,2015-09-19,1.901
CENTRO OESTE,2015-09-26,1.893
CENTRO OESTE,2015-10-03,1.857
CENTRO OESTE,2015-10-10,1.89
CENTRO OESTE,2015-10-17,1.925
CENTRO OESTE,2015-10-24,2.011
CENTRO OESTE,2015-10-31,2.05
CENTRO OESTE,2015-11-07,2.064
CENTRO OESTE,2015-11-14,2.301
CENTRO OESTE,2015-11-21,2.443
CENTRO OESTE,2015-11-28,2.456
CENTRO OESTE,2015-12-05,2.497
CENTRO OESTE,2015-12-12,2.577
CENTRO OESTE,2015-12-19,2.583
CENTRO OESTE,2015-12-26,2.582
CENTRO OESTE,2016-01-02,2.576
CENTRO OESTE,2016-01-09,2.598
CENTRO OESTE,2016-01-16,2.676
CENTRO OESTE,2016-01-23,2.68
CENTRO OESTE,2016-01-30,2.748
CENTRO OESTE,2016-02-06,2.748
CENTRO OESTE,2016-02-13,2.738
CENTRO OESTE,2016-02-20,2.704
CENTRO OESTE,2016-02-27,2.719
CENTRO OESTE,2016-03-05,2.709
CENTRO OESTE,2016-03-12,2.705
CENTRO OESTE,2016-03-19,2.687
CENTRO OESTE,2016-03-26,2.681
CENTRO OESTE,2016-04-02,2.664
CENTRO OESTE,2016-04-09,2.651
CENTRO OESTE,2016-04-16,2.625
CENTRO OESTE,2016-04-23,2.619
CENTRO OESTE,2016-04-30,2.626
CENTRO OESTE,2016-05-07,2.58
CENTRO OESTE,2016-05-14,2.559
CENTRO OESTE,2016-05-21,2.532
CENTRO OESTE,2016-05-28,2.484
CENTRO OESTE,2016-06-04,2.488
CENTRO OESTE,2016-06-11,2.329
CENTRO OESTE,2016-06-18,2.375
CENTRO OESTE,2016-06-25,2.424
CENTRO OESTE,2016-07-02,2.501
CENTRO OESTE,2016-07-09,2.485
CENTRO OESTE,2016-07-16,2.384
CENTRO OESTE,2016-07-23,2.478
CENTRO OESTE,2016-07-30,2.48
CENTRO OESTE,2016-08-06,2.346
CENTRO OESTE,2016-08-13,2.473
CENTRO OESTE,2016-08-20,2.452
CENTRO OESTE,2016-08-27,2.471
CENTRO OESTE,2016-09-03,2.447
CENTRO OESTE,2016-09-10,2.449
CENTRO OESTE,2016-09-17,2.45
CENTRO OESTE,2016-09-24,2.341
CENTRO OESTE,2016-10-01,2.445
CENTRO OESTE,2016-10-08,2.446
CENTRO OESTE,2016-10-15,2.461
CENTRO OESTE,2016-10-22,2.471
CENTRO OESTE,2016-10-29,2.513
CENTRO OESTE,2016-11-05,2.367
CENTRO OESTE,2016-11-12,2.669
CENTRO OESTE,2016-11-19,2.67
CENTRO OESTE,2016-11-26,2.365
CENTRO OESTE,2016-12-03,2.673
CENTRO OESTE,2016-12-10,2.365
CENTRO OESTE,2016-12-17,2.689
CENTRO OESTE,2016-12-24,2.698
CENTRO OESTE,2016-12-31,2.69
CENTRO OESTE,2017-01-07,2.361
CENTRO OESTE,2017-01-14,2.712
CENTRO OESTE,2017-01-21,2.737
CENTRO OESTE,2017-01-28,2.386
CENTRO OESTE,2017-02-04,2.735
CENTRO OESTE,2017-02-11,2.739
CENTRO OESTE,2017-02-18,2.363
CENTRO OESTE,2017-02-25,2.367
CENTRO OESTE,2017-03-04,2.691
CENTRO OESTE,2017-03-11,2.666
CENTRO OESTE,2017-03-18,2.373
CENTRO OESTE,2017-03-25,2.621
CENTRO OESTE,2017-04-01,2.6
CENTRO OESTE,2017-04-08,2.564
CENTRO OESTE,2017-04-15,2.541
CENTRO OESTE,2017-04-22,2.373
CENTRO OESTE,2017-04-29,2.54
CENTRO OESTE,2017-05-06,2.336
CENTRO OESTE,2017-05-13,2.367
CENTRO OESTE,2017-05-20,2.408
CENTRO OESTE,2017-05-27,2.375
CENTRO OESTE,2017-06-03,2.34
CENTRO OESTE,2017-06-10,2.287
CENTRO OESTE,2017-06-17,2.222
CENTRO OESTE,2017-06-24,2.19
CENTRO OESTE,2017-07-01,2.219
CENTRO OESTE,2017-07-08,2.148
CENTRO OESTE,2017-07-15,2.15
CENTRO OESTE,2017-07-22,2.116
CENTRO OESTE,2017-07-29,2.409
CENTRO OESTE,2017-08-05,2.344
CENTRO OESTE,2017-08-12,2.399
CENTRO OESTE,2017-08-19,2.424
CENTRO OESTE,2017-08-26,2.377
CENTRO OESTE,2017-09-02,2.412
CENTRO OESTE,2017-09-09,2.249
CENTRO OESTE,2017-09-16,2.399
CENTRO OESTE,2017-09-23,2.362
CENTRO OESTE,2017-09-30,2.463
CENTRO OESTE,2017-10-07,2.404
CENTRO OESTE,2017-10-14,2.458
CENTRO OESTE,2017-10-21,2.397
CENTRO OESTE,2017-10-28,2.442
CENTRO OESTE,2017-11-04,2.385
CENTRO OESTE,2017-11-11,2.433
CENTRO OESTE,2017-11-18,2.382
CENTRO OESTE,2017-11-25,2.428
CENTRO OESTE,2017-12-02,2.308
CENTRO OESTE,2017-12-09,2.39
CENTRO OESTE,2017-12-16,2.37
CENTRO OESTE,2017-12-23,2.493
CENTRO OESTE,2017-12-30,2.472
CENTRO OESTE,2018-01-06,2.524
CENTRO OESTE,2018-01-13,2.548
CENTRO OESTE,2018-01-20,2.552
CENTRO OESTE,2018-01-27,2.55
CENTRO OESTE,2018-02-03,2.538
CENTRO OESTE,2018-02-10,2.566
CENTRO OESTE,2018-02-17,2.565
CENTRO OESTE,2018-02-24,2.577
CENTRO OESTE,2018-03-03,2.571
CENTRO OESTE,2018-03-10,2.558
CENTRO OESTE,2018-03-17,2.587
CENTRO OESTE,2018-03-24,2.619
CENTRO OESTE,2018-03-31,2.667
CENTRO OESTE,2018-04-07,2.653
CENTRO OESTE,2018-04-14,2.975
CENTRO OESTE,2018-04-21,2.703
CENTRO OESTE,2018-04-28,2.786
CENTRO OESTE,2018-05-05,2.745
CENTRO OESTE,2018-05-12,2.673
CENTRO OESTE,2018-05-19,2.597
CENTRO OESTE,2018-05-26,2.602
CENTRO OESTE,2018-06-02,2.532
CENTRO OESTE,2018-06-09,2.71
CENTRO OESTE,2018-06-16,2.69
CENTRO OESTE,2018-06-23,2.675
CENTRO OESTE,2018-06-30,2.676
CENTRO OESTE,2018-07-07,2.658
CENTRO OESTE,2018-07-14,2.662
CENTRO OESTE,2018-07-21,2.638
CENTRO OESTE,2018-07-28,2.622
CENTRO OESTE,2018-08-04,2.608
CENTRO OESTE,2018-08-11,2.549
CENTRO OESTE,2018-08-18,2.548
CENTRO OESTE,2018-08-25,2.545
CENTRO OESTE,2018-09-01,2.529
CENTRO OESTE,2018-09-08,2.532
CENTRO OESTE,2018-09-15,2.702
CENTRO OESTE,2018-09-22,2.771
CENTRO OESTE,2018-09-29,2.81
CENTRO OESTE,2018-10-06,2.869
CENTRO OESTE,2018-10-13,2.891
CENTRO OESTE,2018-10-20,2.701
CENTRO OESTE,2018-10-27,2.912
CENTRO OESTE,2018-11-03,2.914
CENTRO OESTE,2018-11-10,2.708
CENTRO OESTE,2018-11-17,2.814
CENTRO OESTE,2018-11-24,2.895
CENTRO OESTE,2018-12-01,2.699
CENTRO OESTE,2018-12-08,2.786
CENTRO OESTE,2018-12-15,2.737
CENTRO OESTE,2018-12-22,2.701
CENTRO OESTE,2018-12-29,2.724
CENTRO OESTE,2019-01-05,2.726
CENTRO OESTE,2019-01-12,2.708
CENTRO OESTE,2019-01-19,2.688
CENTRO OESTE,2019-01-26,2.691
CENTRO OESTE,2019-02-02,2.635
CENTRO OESTE,2019-02-09,2.591
CENTRO OESTE,2019-02-16,2.539
CENTRO OESTE,2019-02-23,2.491
CENTRO OESTE,2019-03-02,2.552
CENTRO OESTE,2019-03-09,2.607
CENTRO OESTE,2019-03-16,2.598
CENTRO OESTE,2019-03-23,2.607
CENTRO OESTE,2019-03-30,2.637
CENTRO OESTE,2019-04-06,2.611
CENTRO OESTE,2019-04-13,2.572
CENTRO OESTE,2019-04-20,2.569
CENTRO OESTE,2019-04-27,2.609
CENTRO OESTE,2019-05-04,2.703
CENTRO OESTE,2019-05-11,2.714
CENTRO OESTE,2019-05-18,2.693
CENTRO OESTE,2019-05-25,2.64
CENTRO OESTE,2019-06-01,2.638
CENTRO OESTE,2019-06-08,2.569
CENTRO OESTE,2019-06-15,2.474
CENTRO OESTE,2019-06-22,2.443
CENTRO OESTE,2019-06-29,2.436
NORDESTE,2004-05-15,1.079
NORDESTE,2004-05-22,1.079
NORDESTE,2004-05-29,1.079
NORDESTE,2004-06-05,1.079
NORDESTE,2004-06-12,1.089
NORDESTE,2004-06-19,1.099
NORDESTE,2004-06-26,1.099
NORDESTE,2004-07-03,1.099
NORDESTE,2004-07-10,1.096
NORDESTE,2004-07-17,1.099
NORDESTE,2004-07-24,1.099
NORDESTE,2004-07-31,1.098
NORDESTE,2004-08-07,1.003
NORDESTE,2004-08-14,0.999
NORDESTE,2004-08-21,0.999
NORDESTE,2004-08-28,0.999
NORDESTE,2004-09-04,0.999
NORDESTE,2004-09-11,0.999
NORDESTE,2004-09-18,0.999
NORDESTE,2004-09-25,0.999
NORDESTE,2004-10-02,0.999
NORDESTE,2004-10-09,0.999
NORDESTE,2004-10-16,0.999
NORDESTE,2004-10-23,0.999
NORDESTE,2004-10-30,0.999
NORDESTE,2004-11-06,0.999
NORDESTE,2004-11-13,0.999
NORDESTE,2004-11-20,0.999
NORDESTE,2004-11-27,0.999
NORDESTE,2004-12-04,0.999
NORDESTE,2004-12-11,0.999
NORDESTE,2004-12-18,0.999
NORDESTE,2004-12-25,0.999
NORDESTE,2005-01-01,0.999
NORDESTE,2005-01-08,0.999
NORDESTE,2005-01-15,0.999
NORDESTE,2005-01-22,0.999
NORDESTE,2005-01-29,0.999
NORDESTE,2005-02-05,1.018
NORDESTE,2005-02-12,1.018
NORDESTE,2005-02-19,1.002
NORDESTE,2005-02-26,0.995
NORDESTE,2005-03-05,0.994
NORDESTE,2005-03-12,0.988
NORDESTE,2005-03-19,0.981
NORDESTE,2005-03-26,0.979
NORDESTE,2005-04-02,0.975
NORDESTE,2005-04-09,1.126
NORDESTE,2005-04-16,1.127
NORDESTE,2005-04-23,1.127
NORDESTE,2005-04-30,1.073
NORDESTE,2005-05-07,1.126
NORDESTE,2005-05-14,1.125
NORDESTE,2005-05-21,1.146
NORDESTE,2005-05-28,1.159
NORDESTE,2005-06-04,1.159
NORDESTE,2005-06-11,1.183
NORDESTE,2005-06-18,1.183
NORDESTE,2005-06-25,1.183
NORDESTE,2005-07-02,1.182
NORDESTE,2005-07-09,1.183
NORDESTE,2005-07-16,1.183
NORDESTE,2005-07-23,1.184
NORDESTE,2005-07-30,1.202
NORDESTE,2005-08-06,1.123
NORDESTE,2005-08-13,1.203
NORDESTE,2005-09-03,1.189
NORDESTE,2005-09-10,1.225
NORDESTE,2005-09-17,1.222
NORDESTE,2005-09-24,1.258
NORDESTE,2005-10-01,1.258
NORDESTE,2005-10-08,1.258
NORDESTE,2005-10-15,1.258
NORDESTE,2005-10-22,1.258
NORDESTE,2005-10-29,1.258
NORDESTE,2005-11-05,1.264
NORDESTE,2005-11-12,1.264
NORDESTE,2005-11-19,1.264
NORDESTE,2005-11-26,1.264
NORDESTE,2005-12-03,1.287
NORDESTE,2005-12-10,1.288
NORDESTE,2005-12-17,1.288
NORDESTE,2005-12-24,1.288
NORDESTE,2005-12-31,1.156
NORDESTE,2006-01-07,1.249
NORDESTE,2006-01-14,1.084
NORDESTE,2006-01-21,1.083
NORDESTE,2006-01-28,1.083
NORDESTE,2006-02-04,1.288
NORDESTE,2006-02-11,1.287
NORDESTE,2006-02-18,1.159
NORDESTE,2006-02-25,1.171
NORDESTE,2006-03-04,1.288
NORDESTE,2006-03-11,1.287
NORDESTE,2006-03-18,1.288
NORDESTE,2006-03-25,1.287
NORDESTE,2006-04-01,1.288
NORDESTE,2006-04-08,1.288
NORDESTE,2006-04-15,1.288
NORDESTE,2006-04-22,1.287
NORDESTE,2006-04-29,1.288
NORDESTE,2006-05-06,1.287
NORDESTE,2006-05-13,1.285
NORDESTE,2006-05-20,1.288
NORDESTE,2006-05-27,1.288
NORDESTE,2006-06-03,1.307
NORDESTE,2006-06-10,1.31
NORDESTE,2006-06-17,1.31
NORDESTE,2006-06-24,1.297
NORDESTE,2006-07-01,1.303
NORDESTE,2006-07-08,1.297
NORDESTE,2006-07-15,1.242
NORDESTE,2006-07-22,1.298
NORDESTE,2006-07-29,1.274
NORDESTE,2006-08-05,1.294
NORDESTE,2006-08-12,1.31
NORDESTE,2006-08-19,1.31
NORDESTE,2006-08-26,1.264
NORDESTE,2006-09-02,1.134
NORDESTE,2006-09-09,1.31
NORDESTE,2006-09-16,1.31
NORDESTE,2006-09-23,1.31
NORDESTE,2006-09-30,1.31
NORDESTE,2006-10-07,1.311
NORDESTE,2006-10-14,1.317
NORDESTE,2006-10-21,1.31
NORDESTE,2006-10-28,1.31
NORDESTE,2006-11-04,1.31
NORDESTE,2006-11-11,1.309
NORDESTE,2006-11-18,1.261
NORDESTE,2006-11-25,1.265
NORDESTE,2006-12-02,1.242
NORDESTE,2006-12-09,1.31
NORDESTE,2006-12-16,1.31
NORDESTE,2006-12-23,1.31
NORDESTE,2006-12-30,1.299
NORDESTE,2007-01-06,1.31
NORDESTE,2007-01-13,1.31
NORDESTE,2007-01-20,1.311
NORDESTE,2007-01-27,1.31
NORDESTE,2007-02-03,1.31
NORDESTE,2007-02-10,1.31
NORDESTE,2007-02-17,1.31
NORDESTE,2007-02-24,1.31
NORDESTE,2007-03-03,1.31
NORDESTE,2007-03-10,1.31
NORDESTE,2007-03-17,1.31
NORDESTE,2007-03-24,1.31
NORDESTE,2007-03-31,1.31
NORDESTE,2007-04-07,1.31
NORDESTE,2007-04-14,1.21
NORDESTE,2007-04-21,1.286
NORDESTE,2007-04-28,1.31
NORDESTE,2007-05-05,1.373
NORDESTE,2007-05-12,1.39
NORDESTE,2007-05-19,1.39
NORDESTE,2007-05-26,1.39
NORDESTE,2007-06-02,1.39
NORDESTE,2007-06-09,1.39
NORDESTE,2007-06-16,1.39
NORDESTE,2007-06-23,1.39
NORDESTE,2007-06-30,1.3
NORDESTE,2007-07-07,1.227
NORDESTE,2007-07-14,1.468
NORDESTE,2007-07-21,1.47
NORDESTE,2007-07-28,1.47
NORDESTE,2007-08-04,1.437
NORDESTE,2007-08-11,1.47
NORDESTE,2007-08-18,1.47
NORDESTE,2007-08-25,1.399
NORDESTE,2007-09-01,1.311
NORDESTE,2007-09-08,1.342
NORDESTE,2007-09-15,1.511
NORDESTE,2007-09-22,1.443
NORDESTE,2007-09-29,1.425
NORDESTE,2007-10-06,1.456
NORDESTE,2007-10-13,1.442
NORDESTE,2007-10-20,1.559
NORDESTE,2007-10-27,1.538
NORDESTE,2007-11-03,1.544
NORDESTE,2007-11-10,1.538
NORDESTE,2007-11-17,1.535
NORDESTE,2007-11-24,1.522
NORDESTE,2007-12-01,1.492
NORDESTE,2007-12-08,1.534
NORDESTE,2007-12-15,1.536
NORDESTE,2007-12-22,1.537
NORDESTE,2007-12-29,1.536
NORDESTE,2008-01-05,1.537
NORDESTE,2008-01-12,1.577
NORDESTE,2008-01-19,1.576
NORDESTE,2008-01-26,1.577
NORDESTE,2008-02-02,1.557
NORDESTE,2008-02-09,1.521
NORDESTE,2008-02-16,1.369
NORDESTE,2008-02-23,1.575
NORDESTE,2008-03-01,1.574
NORDESTE,2008-03-08,1.563
NORDESTE,2008-03-15,1.56
NORDESTE,2008-03-22,1.566
NORDESTE,2008-03-29,1.566
NORDESTE,2008-04-05,1.576
NORDESTE,2008-04-12,1.578
NORDESTE,2008-04-19,1.572
NORDESTE,2008-04-26,1.575
NORDESTE,2008-05-03,1.578
NORDESTE,2008-05-10,1.586
NORDESTE,2008-05-17,1.589
NORDESTE,2008-05-24,1.604
NORDESTE,2008-05-31,1.598
NORDESTE,2008-06-07,1.595
NORDESTE,2008-06-14,1.597
NORDESTE,2008-06-21,1.574
NORDESTE,2008-06-28,1.587
NORDESTE,2008-07-05,1.584
NORDESTE,2008-07-12,1.603
NORDESTE,2008-07-19,1.637
NORDESTE,2008-07-26,1.615
NORDESTE,2008-08-02,1.592
NORDESTE,2008-08-09,1.675
NORDESTE,2008-08-16,1.69
NORDESTE,2008-08-23,1.728
NORDESTE,2008-08-30,1.698
NORDESTE,2008-09-06,1.728
NORDESTE,2008-09-13,1.74
NORDESTE,2008-09-20,1.74
NORDESTE,2008-09-27,1.698
NORDESTE,2008-10-04,1.74
NORDESTE,2008-10-11,1.729
NORDESTE,2008-10-18,1.729
NORDESTE,2008-10-25,1.712
NORDESTE,2008-11-01,1.689
NORDESTE,2008-11-08,1.678
NORDESTE,2008-11-15,1.667
NORDESTE,2008-11-22,1.653
NORDESTE,2008-11-29,1.646
NORDESTE,2008-12-06,1.664
NORDESTE,2008-12-13,1.665
NORDESTE,2008-12-20,1.654
NORDESTE,2008-12-27,1.647
NORDESTE,2009-01-03,1.621
NORDESTE,2009-01-10,1.619
NORDESTE,2009-01-17,1.613
NORDESTE,2009-01-24,1.596
NORDESTE,2009-01-31,1.599
NORDESTE,2009-02-07,1.617
NORDESTE,2009-02-14,1.66
NORDESTE,2009-02-21,1.676
NORDESTE,2009-02-28,1.622
NORDESTE,2009-03-07,1.669
NORDESTE,2009-03-14,1.674
NORDESTE,2009-03-21,1.668
NORDESTE,2009-03-28,1.661
NORDESTE,2009-04-04,1.647
NORDESTE,2009-04-11,1.643
NORDESTE,2009-04-18,1.626
NORDESTE,2009-04-25,1.606
NORDESTE,2009-05-02,1.589
NORDESTE,2009-05-09,1.565
NORDESTE,2009-05-16,1.564
NORDESTE,2009-05-23,1.567
NORDESTE,2009-05-30,1.567
NORDESTE,2009-06-06,1.635
NORDESTE,2009-06-13,1.588
NORDESTE,2009-06-20,1.495
NORDESTE,2009-06-27,1.517
NORDESTE,2009-07-04,1.629
NORDESTE,2009-07-11,1.628
NORDESTE,2009-07-18,1.653
NORDESTE,2009-07-25,1.627
NORDESTE,2009-08-01,1.615
NORDESTE,2009-08-08,1.689
NORDESTE,2009-08-15,1.69
NORDESTE,2009-09-05,1.573
NORDESTE,2009-09-12,1.385
NORDESTE,2009-09-19,1.538
NORDESTE,2009-09-26,1.449
NORDESTE,2009-10-03,1.511
NORDESTE,2009-10-10,1.657
NORDESTE,2009-10-17,1.678
NORDESTE,2009-10-24,1.657
NORDESTE,2009-10-31,1.675
NORDESTE,2009-11-07,1.663
NORDESTE,2009-11-14,1.699
NORDESTE,2009-11-21,1.699
NORDESTE,2009-11-28,1.699
NORDESTE,2009-12-05,1.699
NORDESTE,2009-12-12,1.699
NORDESTE,2009-12-19,1.699
NORDESTE,2009-12-26,1.707
NORDESTE,2010-01-02,1.699
NORDESTE,2010-01-09,1.699
NORDESTE,2010-01-16,1.699
NORDESTE,2010-01-23,1.699
NORDESTE,2010-01-30,1.699
NORDESTE,2010-02-06,1.699
NORDESTE,2010-02-13,1.735
NORDESTE,2010-02-20,1.759
NORDESTE,2010-02-27,1.742
NORDESTE,2010-03-06,1.742
NORDESTE,2010-03-13,1.727
NORDESTE,2010-03-20,1.744
NORDESTE,2010-03-27,1.733
NORDESTE,2010-04-03,1.765
NORDESTE,2010-04-10,1.751
NORDESTE,2010-04-17,1.766
NORDESTE,2010-04-24,1.739
NORDESTE,2010-05-01,1.755
NORDESTE,2010-05-08,1.723
NORDESTE,2010-05-15,1.728
NORDESTE,2010-05-22,1.726
NORDESTE,2010-05-29,1.726
NORDESTE,2010-06-05,1.701
NORDESTE,2010-06-12,1.701
NORDESTE,2010-06-19,1.701
NORDESTE,2010-06-26,1.701
NORDESTE,2010-07-03,1.701
NORDESTE,2010-07-10,1.701
NORDESTE,2010-07-17,1.701
NORDESTE,2010-07-24,1.711
NORDESTE,2010-07-31,1.701
NORDESTE,2010-08-07,1.701
NORDESTE,2010-08-14,1.701
NORDESTE,2010-08-21,1.708
NORDESTE,2010-08-28,1.701
NORDESTE,2010-09-04,1.701
NORDESTE,2010-09-11,1.701
NORDESTE,2010-09-18,1.701
NORDESTE,2010-09-25,1.678
NORDESTE,2010-10-02,1.673
NORDESTE,2010-10-09,1.68
NORDESTE,2010-10-16,1.701
NORDESTE,2010-10-23,1.7
NORDESTE,2010-10-30,1.701
NORDESTE,2010-11-06,1.701
NORDESTE,2010-11-13,1.701
NORDESTE,2010-11-20,1.701
NORDESTE,2010-11-27,1.682
NORDESTE,2010-12-04,1.677
NORDESTE,2010-12-11,1.701
NORDESTE,2010-12-18,1.683
NORDESTE,2010-12-25,1.68
NORDESTE,2011-01-01,1.68
NORDESTE,2011-01-08,1.666
NORDESTE,2011-01-15,1.701
NORDESTE,2011-01-22,1.669
NORDESTE,2011-01-29,1.694
NORDESTE,2011-02-05,1.668
NORDESTE,2011-02-12,1.66
NORDESTE,2011-02-19,1.699
NORDESTE,2011-02-26,1.671
NORDESTE,2011-03-05,1.699
NORDESTE,2011-03-12,1.659
NORDESTE,2011-03-19,1.671
NORDESTE,2011-03-26,1.699
NORDESTE,2011-04-02,1.655
NORDESTE,2011-04-09,1.684
NORDESTE,2011-04-16,1.665
NORDESTE,2011-04-23,1.678
NORDESTE,2011-04-30,1.671
NORDESTE,2011-05-07,1.696
NORDESTE,2011-05-14,1.661
NORDESTE,2011-05-21,1.699
NORDESTE,2011-05-28,1.668
NORDESTE,2011-06-04,1.686
NORDESTE,2011-06-11,1.664
NORDESTE,2011-06-18,1.665
NORDESTE,2011-06-25,1.699
NORDESTE,2011-07-02,1.668
NORDESTE,2011-07-09,1.657
NORDESTE,2011-07-16,1.673
NORDESTE,2011-07-23,1.672
NORDESTE,2011-07-30,1.65
NORDESTE,2011-08-06,1.665
NORDESTE,2011-08-13,1.669
NORDESTE,2011-08-20,1.663
NORDESTE,2011-08-27,1.659
NORDESTE,2011-09-03,1.665
NORDESTE,2011-09-10,1.674
NORDESTE,2011-09-17,1.646
NORDESTE,2011-09-24,1.651
NORDESTE,2011-10-01,1.641
NORDESTE,2011-10-08,1.67
NORDESTE,2011-10-15,1.639
NORDESTE,2011-10-22,1.645
NORDESTE,2011-10-29,1.621
NORDESTE,2011-11-05,1.635
NORDESTE,2011-11-12,1.673
NORDESTE,2011-11-19,1.648
NORDESTE,2011-11-26,1.636
NORDESTE,2011-12-03,1.66
NORDESTE,2011-12-10,1.638
NORDESTE,2011-12-17,1.646
NORDESTE,2011-12-24,1.638
NORDESTE,2011-12-31,1.656
NORDESTE,2012-01-07,1.641
NORDESTE,2012-01-14,1.648
NORDESTE,2012-01-21,1.636
NORDESTE,2012-01-28,1.653
NORDESTE,2012-02-04,1.628
NORDESTE,2012-02-11,1.606
NORDESTE,2012-02-18,1.641
NORDESTE,2012-02-25,1.603
NORDESTE,2012-03-03,1.651
NORDESTE,2012-03-10,1.603
NORDESTE,2012-03-17,1.644
NORDESTE,2012-03-24,1.596
NORDESTE,2012-03-31,1.602
NORDESTE,2012-04-07,1.646
NORDESTE,2012-04-14,1.609
NORDESTE,2012-04-21,1.597
NORDESTE,2012-04-28,1.647
NORDESTE,2012-05-05,1.669
NORDESTE,2012-05-12,1.685
NORDESTE,2012-05-19,1.682
NORDESTE,2012-05-26,1.68
NORDESTE,2012-06-02,1.639
NORDESTE,2012-06-09,1.681
NORDESTE,2012-06-16,1.682
NORDESTE,2012-06-23,1.686
NORDESTE,2012-06-30,1.657
NORDESTE,2012-07-07,1.677
NORDESTE,2012-07-14,1.653
NORDESTE,2012-07-21,1.668
NORDESTE,2012-07-28,1.671
NORDESTE,2012-08-04,1.648
NORDESTE,2012-08-11,1.68
NORDESTE,2012-08-18,1.615
NORDESTE,2012-08-25,1.661
NORDESTE,2012-09-01,1.673
NORDESTE,2012-09-08,1.644
NORDESTE,2012-09-15,1.618
NORDESTE,2012-09-22,1.692
NORDESTE,2012-09-29,1.622
NORDESTE,2012-10-06,1.659
NORDESTE,2012-10-13,1.674
NORDESTE,2012-10-20,1.665
NORDESTE,2012-10-27,1.696
NORDESTE,2012-11-03,1.636
NORDESTE,2012-11-10,1.706
NORDESTE,2012-11-17,1.633
NORDESTE,2012-11-24,1.675
NORDESTE,2012-12-01,1.678
NORDESTE,2012-12-08,1.678
NORDESTE,2012-12-15,1.667
NORDESTE,2012-12-22,1.653
NORDESTE,2012-12-29,1.679
NORDESTE,2013-01-05,1.622
NORDESTE,2013-01-12,1.701
NORDESTE,2013-01-19,1.7
NORDESTE,2013-01-26,1.737
NORDESTE,2013-02-02,1.711
NORDESTE,2013-02-09,1.742
NORDESTE,2013-02-16,1.724
NORDESTE,2013-02-23,1.734
NORDESTE,2013-03-02,1.746
NORDESTE,2013-03-09,1.742
NORDESTE,2013-03-16,1.746
NORDESTE,2013-03-23,1.732
NORDESTE,2013-03-30,1.756
NORDESTE,2013-04-06,1.737
NORDESTE,2013-04-13,1.734
NORDESTE,2013-04-20,1.747
NORDESTE,2013-04-27,1.758
NORDESTE,2013-05-04,1.722
NORDESTE,2013-05-11,1.746
NORDESTE,2013-05-18,1.735
NORDESTE,2013-05-25,1.71
NORDESTE,2013-06-01,1.693
NORDESTE,2013-06-08,1.684
NORDESTE,2013-06-15,1.674
NORDESTE,2013-06-22,1.68
NORDESTE,2013-06-29,1.676
NORDESTE,2013-07-06,1.677
NORDESTE,2013-07-13,1.68
NORDESTE,2013-07-20,1.671
NORDESTE,2013-07-27,1.673
NORDESTE,2013-08-03,1.669
NORDESTE,2013-08-10,1.672
NORDESTE,2013-08-17,1.67
NORDESTE,2013-08-24,1.673
NORDESTE,2013-08-31,1.669
NORDESTE,2013-09-07,1.669
NORDESTE,2013-09-14,1.67
NORDESTE,2013-09-21,1.671
NORDESTE,2013-09-28,1.669
NORDESTE,2013-10-05,1.668
NORDESTE,2013-10-12,1.67
NORDESTE,2013-10-19,1.669
NORDESTE,2013-10-26,1.666
NORDESTE,2013-11-02,1.667
NORDESTE,2013-11-09,1.669
NORDESTE,2013-11-16,1.669
NORDESTE,2013-11-23,1.669
NORDESTE,2013-11-30,1.669
NORDESTE,2013-12-07,1.669
NORDESTE,2013-12-14,1.669
NORDESTE,2013-12-21,1.669
NORDESTE,2013-12-28,1.67
NORDESTE,2014-01-04,1.67
NORDESTE,2014-01-11,1.669
NORDESTE,2014-01-18,1.669
NORDESTE,2014-01-25,1.669
NORDESTE,2014-02-01,1.67
NORDESTE,2014-02-08,1.67
NORDESTE,2014-02-15,1.67
NORDESTE,2014-02-22,1.74
NORDESTE,2014-03-01,1.774
NORDESTE,2014-03-08,1.754
NORDESTE,2014-03-15,1.757
NORDESTE,2014-03-22,1.763
NORDESTE,2014-03-29,1.735
NORDESTE,2014-04-05,1.763
NORDESTE,2014-04-12,1.77
NORDESTE,2014-04-19,1.793
NORDESTE,2014-04-26,1.795
NORDESTE,2014-05-03,1.796
NORDESTE,2014-05-10,1.801
NORDESTE,2014-05-17,1.8
NORDESTE,2014-05-24,1.81
NORDESTE,2014-05-31,1.813
NORDESTE,2014-06-07,1.858
NORDESTE,2014-06-14,1.858
NORDESTE,2014-06-21,1.858
NORDESTE,2014-06-28,1.86
NORDESTE,2014-07-05,1.858
NORDESTE,2014-07-12,1.86
NORDESTE,2014-07-19,1.858
NORDESTE,2014-07-26,1.858
NORDESTE,2014-08-02,1.858
NORDESTE,2014-08-09,1.858
NORDESTE,2014-08-16,1.857
NORDESTE,2014-08-23,1.86
NORDESTE,2014-08-30,1.842
NORDESTE,2014-09-06,1.863
NORDESTE,2014-09-13,1.879
NORDESTE,2014-09-20,1.886
NORDESTE,2014-09-27,1.882
NORDESTE,2014-10-04,1.882
NORDESTE,2014-10-11,1.882
NORDESTE,2014-10-18,1.882
NORDESTE,2014-10-25,1.882
NORDESTE,2014-11-01,1.885
NORDESTE,2014-11-08,1.882
NORDESTE,2014-11-15,1.87
NORDESTE,2014-11-22,1.879
NORDESTE,2014-11-29,1.882
NORDESTE,2014-12-06,1.881
NORDESTE,2014-12-13,1.881
NORDESTE,2014-12-20,1.904
NORDESTE,2014-12-27,1.885
NORDESTE,2015-01-03,1.902
NORDESTE,2015-01-10,1.885
NORDESTE,2015-01-17,1.882
NORDESTE,2015-01-24,1.905
NORDESTE,2015-01-31,1.909
NORDESTE,2015-02-07,1.888
NORDESTE,2015-02-14,1.937
NORDESTE,2015-02-21,1.959
NORDESTE,2015-02-28,1.916
NORDESTE,2015-03-07,1.979
NORDESTE,2015-03-14,1.969
NORDESTE,2015-03-21,1.997
NORDESTE,2015-03-28,1.969
NORDESTE,2015-04-04,1.98
NORDESTE,2015-04-11,1.994
NORDESTE,2015-04-18,1.995
NORDESTE,2015-04-25,1.98
NORDESTE,2015-05-02,1.996
NORDESTE,2015-05-09,1.996
NORDESTE,2015-05-16,1.995
NORDESTE,2015-05-23,1.985
NORDESTE,2015-05-30,1.998
NORDESTE,2015-06-06,1.987
NORDESTE,2015-06-13,1.998
NORDESTE,2015-06-20,2.078
NORDESTE,2015-06-27,2.02
NORDESTE,2015-07-04,2.027
NORDESTE,2015-07-11,2.101
NORDESTE,2015-07-18,2.08
NORDESTE,2015-07-25,2.045
NORDESTE,2015-08-01,2.112
NORDESTE,2015-08-08,2.048
NORDESTE,2015-08-15,2.183
NORDESTE,2015-08-29,2.16
NORDESTE,2015-09-05,2.15
NORDESTE,2015-09-12,2.121
NORDESTE,2015-09-19,2.322
NORDESTE,2015-09-26,2.14
NORDESTE,2015-10-03,2.14
NORDESTE,2015-10-10,2.185
NORDESTE,2015-10-17,2.23
NORDESTE,2015-10-24,2.365
NORDESTE,2015-10-31,2.185
NORDESTE,2015-11-07,2.185
NORDESTE,2015-11-14,2.186
NORDESTE,2015-11-21,2.186
NORDESTE,2015-11-28,2.186
NORDESTE,2015-12-05,2.187
NORDESTE,2015-12-12,2.405
NORDESTE,2015-12-19,2.197
NORDESTE,2015-12-26,2.198
NORDESTE,2016-01-02,2.194
NORDESTE,2016-01-09,2.198
NORDESTE,2016-01-16,2.198
NORDESTE,2016-01-23,2.213
NORDESTE,2016-01-30,2.287
NORDESTE,2016-02-06,2.214
NORDESTE,2016-02-13,2.287
NORDESTE,2016-02-20,2.287
NORDESTE,2016-02-27,2.197
NORDESTE,2016-03-05,2.374
NORDESTE,2016-03-12,2.243
NORDESTE,2016-03-19,2.205
NORDESTE,2016-03-26,2.209
NORDESTE,2016-04-02,2.205
NORDESTE,2016-04-09,2.205
NORDESTE,2016-04-16,2.189
NORDESTE,2016-04-23,2.185
NORDESTE,2016-04-30,2.303
NORDESTE,2016-05-07,2.193
NORDESTE,2016-05-14,2.378
NORDESTE,2016-05-21,2.189
NORDESTE,2016-05-28,2.188
NORDESTE,2016-06-04,2.107
NORDESTE,2016-06-11,2.083
NORDESTE,2016-06-18,2.074
NORDESTE,2016-06-25,2.07
NORDESTE,2016-07-02,2.076
NORDESTE,2016-07-09,2.07
NORDESTE,2016-07-16,2.07
NORDESTE,2016-07-23,2.068
NORDESTE,2016-07-30,2.068
NORDESTE,2016-08-06,2.067
NORDESTE,2016-08-13,2.314
NORDESTE,2016-08-20,2.362
NORDESTE,2016-08-27,2.068
NORDESTE,2016-09-03,2.067
NORDESTE,2016-09-10,2.067
NORDESTE,2016-09-17,2.068
NORDESTE,2016-09-24,2.068
NORDESTE,2016-10-01,2.068
NORDESTE,2016-10-08,2.068
NORDESTE,2016-10-15,2.068
NORDESTE,2016-10-22,2.067
NORDESTE,2016-10-29,2.067
NORDESTE,2016-11-05,2.069
NORDESTE,2016-11-12,2.067
NORDESTE,2016-11-19,2.066
NORDESTE,2016-11-26,2.067
NORDESTE,2016-12-03,2.235
NORDESTE,2016-12-10,2.063
NORDESTE,2016-12-17,2.311
NORDESTE,2016-12-24,2.068
NORDESTE,2016-12-31,2.285
NORDESTE,2017-01-07,2.068
NORDESTE,2017-01-14,2.068
NORDESTE,2017-01-21,2.068
NORDESTE,2017-01-28,2.297
NORDESTE,2017-02-04,2.067
NORDESTE,2017-02-11,2.312
NORDESTE,2017-02-18,2.328
NORDESTE,2017-02-25,2.194
NORDESTE,2017-03-04,2.253
NORDESTE,2017-03-11,2.199
NORDESTE,2017-03-18,2.197
NORDESTE,2017-03-25,2.221
NORDESTE,2017-04-01,2.199
NORDESTE,2017-04-08,2.199
NORDESTE,2017-04-15,2.199
NORDESTE,2017-04-22,2.292
NORDESTE,2017-04-29,2.299
NORDESTE,2017-05-06,2.199
NORDESTE,2017-05-13,2.199
NORDESTE,2017-05-20,2.264
NORDESTE,2017-05-27,2.254
NORDESTE,2017-06-03,2.25
NORDESTE,2017-06-10,2.262
NORDESTE,2017-06-17,2.247
NORDESTE,2017-06-24,2.274
NORDESTE,2017-07-01,2.265
NORDESTE,2017-07-08,2.264
NORDESTE,2017-07-15,2.225
NORDESTE,2017-07-22,2.296
NORDESTE,2017-07-29,2.282
NORDESTE,2017-08-05,2.371
NORDESTE,2017-08-12,2.298
NORDESTE,2017-08-19,2.369
NORDESTE,2017-08-26,2.298
NORDESTE,2017-09-02,2.362
NORDESTE,2017-09-09,2.34
NORDESTE,2017-09-16,2.386
NORDESTE,2017-09-23,2.269
NORDESTE,2017-09-30,2.369
NORDESTE,2017-10-07,2.398
NORDESTE,2017-10-14,2.362
NORDESTE,2017-10-21,2.41
NORDESTE,2017-10-28,2.367
NORDESTE,2017-11-04,2.386
NORDESTE,2017-11-11,2.386
NORDESTE,2017-11-18,2.354
NORDESTE,2017-11-25,2.362
NORDESTE,2017-12-02,2.385
NORDESTE,2017-12-09,2.361
NORDESTE,2017-12-16,2.398
NORDESTE,2017-12-23,2.406
NORDESTE,2017-12-30,2.355
NORDESTE,2018-01-06,2.405
NORDESTE,2018-01-13,2.359
NORDESTE,2018-01-20,2.419
NORDESTE,2018-01-27,2.403
NORDESTE,2018-02-03,2.356
NORDESTE,2018-02-10,2.408
NORDESTE,2018-02-17,2.454
NORDESTE,2018-02-24,2.438
NORDESTE,2018-03-03,2.468
NORDESTE,2018-03-10,2.459
NORDESTE,2018-03-17,2.459
NORDESTE,2018-03-24,2.458
NORDESTE,2018-03-31,2.468
NORDESTE,2018-04-07,2.457
NORDESTE,2018-04-14,2.467
NORDESTE,2018-04-21,2.461
NORDESTE,2018-04-28,2.473
NORDESTE,2018-05-05,2.507
NORDESTE,2018-05-12,2.557
NORDESTE,2018-05-19,2.549
NORDESTE,2018-05-26,2.574
NORDESTE,2018-06-02,2.579
NORDESTE,2018-06-09,2.576
NORDESTE,2018-06-16,2.621
NORDESTE,2018-06-23,2.599
NORDESTE,2018-06-30,2.608
NORDESTE,2018-07-07,2.706
NORDESTE,2018-07-14,2.74
NORDESTE,2018-07-21,2.599
NORDESTE,2018-07-28,2.597
NORDESTE,2018-08-04,2.763
NORDESTE,2018-08-11,2.745
NORDESTE,2018-08-18,2.756
NORDESTE,2018-08-25,2.737
NORDESTE,2018-09-01,2.599
NORDESTE,2018-09-08,2.599
NORDESTE,2018-09-15,2.599
NORDESTE,2018-09-22,2.925
NORDESTE,2018-09-29,2.985
NORDESTE,2018-10-06,2.981
NORDESTE,2018-10-13,2.922
NORDESTE,2018-10-20,2.936
NORDESTE,2018-10-27,2.909
NORDESTE,2018-11-03,2.988
NORDESTE,2018-11-10,2.664
NORDESTE,2018-11-17,2.697
NORDESTE,2018-11-24,2.985
NORDESTE,2018-12-01,2.981
NORDESTE,2018-12-08,2.982
NORDESTE,2018-12-15,2.987
NORDESTE,2018-12-22,2.699
NORDESTE,2018-12-29,2.699
NORDESTE,2019-01-05,2.997
NORDESTE,2019-01-12,2.968
NORDESTE,2019-01-19,2.943
NORDESTE,2019-01-26,2.922
NORDESTE,2019-02-02,2.924
NORDESTE,2019-02-09,2.699
NORDESTE,2019-02-16,2.905
NORDESTE,2019-02-23,2.899
NORDESTE,2019-03-02,2.699
NORDESTE,2019-03-09,2.697
NORDESTE,2019-03-16,2.702
NORDESTE,2019-03-23,2.702
NORDESTE,2019-03-30,3.133
NORDESTE,2019-04-06,2.699
NORDESTE,2019-04-13,3.124
NORDESTE,2019-04-20,3.128
NORDESTE,2019-04-27,3.111
NORDESTE,2019-05-04,3.102
NORDESTE,2019-05-11,2.699
NORDESTE,2019-05-18,2.699
NORDESTE,2019-05-25,2.699
NORDESTE,2019-06-01,2.692
NORDESTE,2019-06-08,2.699
NORDESTE,2019-06-15,3.103
NORDESTE,2019-06-22,2.699
NORDESTE,2019-06-29,2.698
NORTE,2004-05-15,1.226
NORTE,2004-05-22,1.227
NORTE,2004-05-29,1.238
NORTE,2004-06-05,1.268
NORTE,2004-06-12,1.292
NORTE,2004-06-19,1.306
NORTE,2004-06-26,1.308
NORTE,2004-07-03,1.305
NORTE,2004-07-10,1.304
NORTE,2004-07-17,1.281
NORTE,2004-07-24,1.287
NORTE,2004-07-31,1.33
NORTE,2004-08-07,1.336
NORTE,2004-08-14,1.376
NORTE,2004-08-21,1.42
NORTE,2004-08-28,1.41
NORTE,2004-09-04,1.409
NORTE,2004-09-11,1.414
NORTE,2004-09-18,1.44
NORTE,2004-09-25,1.445
NORTE,2004-10-02,1.445
NORTE,2004-10-09,1.442
NORTE,2004-10-16,1.451
NORTE,2004-10-23,1.499
NORTE,2004-10-30,1.514
NORTE,2004-11-06,1.507
NORTE,2004-11-13,1.57
NORTE,2004-11-20,1.589
NORTE,2004-11-27,1.606
NORTE,2004-12-04,1.644
NORTE,2004-12-11,1.657
NORTE,2004-12-18,1.666
NORTE,2004-12-25,1.676
NORTE,2005-01-01,1.666
NORTE,2005-01-08,1.668
NORTE,2005-01-15,1.669
NORTE,2005-01-22,1.67
NORTE,2005-01-29,1.672
NORTE,2005-02-05,1.673
NORTE,2005-02-12,1.669
NORTE,2005-02-19,1.67
NORTE,2005-02-26,1.67
NORTE,2005-03-05,1.671
NORTE,2005-03-12,1.671
NORTE,2005-03-19,1.669
NORTE,2005-03-26,1.67
NORTE,2005-04-02,1.668
NORTE,2005-04-09,1.662
NORTE,2005-04-16,1.668
NORTE,2005-04-23,1.664
NORTE,2005-04-30,1.669
NORTE,2005-05-07,1.668
NORTE,2005-05-14,1.666
NORTE,2005-05-21,1.656
NORTE,2005-05-28,1.649
NORTE,2005-06-04,1.635
NORTE,2005-06-11,1.624
NORTE,2005-06-18,1.59
NORTE,2005-06-25,1.59
NORTE,2005-07-02,1.574
NORTE,2005-07-09,1.565
NORTE,2005-07-16,1.556
NORTE,2005-07-23,1.564
NORTE,2005-07-30,1.563
NORTE,2005-08-06,1.564
NORTE,2005-08-13,1.564
NORTE,2005-09-03,1.678
NORTE,2005-09-10,1.523
NORTE,2005-09-17,1.614
NORTE,2005-09-24,1.558
NORTE,2005-10-01,1.556
NORTE,2005-10-08,1.598
NORTE,2005-10-15,1.605
NORTE,2005-10-22,1.607
NORTE,2005-10-29,1.614
NORTE,2005-11-05,1.586
NORTE,2005-11-12,1.673
NORTE,2005-11-19,1.675
NORTE,2005-11-26,1.68
NORTE,2005-12-03,1.669
NORTE,2005-12-10,1.682
NORTE,2005-12-17,1.686
NORTE,2005-12-24,1.725
NORTE,2005-12-31,1.731
NORTE,2006-01-07,1.742
NORTE,2006-01-14,1.839
NORTE,2006-01-21,1.849
NORTE,2006-01-28,1.901
NORTE,2006-02-04,1.887
NORTE,2006-02-11,1.889
NORTE,2006-02-18,1.89
NORTE,2006-02-25,1.884
NORTE,2006-03-04,1.875
NORTE,2006-03-11,1.879
NORTE,2006-03-18,1.881
NORTE,2006-03-25,1.894
NORTE,2006-04-01,1.884
NORTE,2006-04-08,1.881
NORTE,2006-04-15,1.879
NORTE,2006-04-22,1.889
NORTE,2006-04-29,1.893
NORTE,2006-05-06,1.892
NORTE,2006-05-13,1.884
NORTE,2006-05-20,1.895
NORTE,2006-05-27,1.878
NORTE,2006-06-03,1.882
NORTE,2006-06-10,1.884
NORTE,2006-06-17,1.884
NORTE,2006-06-24,1.885
NORTE,2006-07-01,1.876
NORTE,2006-07-08,1.882
NORTE,2006-07-15,1.883
NORTE,2006-07-22,1.875
NORTE,2006-07-29,1.881
NORTE,2006-08-05,1.877
NORTE,2006-08-12,1.88
NORTE,2006-08-19,1.881
NORTE,2006-08-26,1.879
NORTE,2006-09-02,1.88
NORTE,2006-09-09,1.882
NORTE,2006-09-16,1.886
NORTE,2006-09-23,1.878
NORTE,2006-09-30,1.872
NORTE,2006-10-07,1.873
NORTE,2006-10-14,1.871
NORTE,2006-10-21,1.874
NORTE,2006-10-28,1.874
NORTE,2006-11-04,1.881
NORTE,2006-11-11,1.869
NORTE,2006-11-18,1.871
NORTE,2006-11-25,1.866
NORTE,2006-12-02,1.864
NORTE,2006-12-09,1.853
NORTE,2006-12-16,1.843
NORTE,2006-12-23,1.832
NORTE,2006-12-30,1.855
NORTE,2007-01-06,1.83
NORTE,2007-01-13,1.858
NORTE,2007-01-20,1.868
NORTE,2007-01-27,1.867
NORTE,2007-02-03,1.864
NORTE,2007-02-10,1.871
NORTE,2007-02-17,1.868
NORTE,2007-02-24,1.867
NORTE,2007-03-03,1.862
NORTE,2007-03-10,1.862
NORTE,2007-03-17,1.862
NORTE,2007-03-24,1.859
NORTE,2007-03-31,1.866
NORTE,2007-04-07,1.87
NORTE,2007-04-14,1.863
NORTE,2007-04-21,1.862
NORTE,2007-04-28,1.867
NORTE,2007-05-05,1.873
NORTE,2007-05-12,1.86
NORTE,2007-05-19,1.869
NORTE,2007-05-26,1.864
NORTE,2007-06-02,1.853
NORTE,2007-06-09,1.855
NORTE,2007-06-16,1.831
NORTE,2007-06-23,1.804
NORTE,2007-06-30,1.71
NORTE,2007-07-07,1.685
NORTE,2007-07-14,1.664
NORTE,2007-07-21,1.655
NORTE,2007-07-28,1.624
NORTE,2007-08-04,1.615
NORTE,2007-08-11,1.607
NORTE,2007-08-18,1.595
NORTE,2007-08-25,1.581
NORTE,2007-09-01,1.557
NORTE,2007-09-08,1.545
NORTE,2007-09-15,1.542
NORTE,2007-09-22,1.533
NORTE,2007-09-29,1.52
NORTE,2007-10-06,1.522
NORTE,2007-10-13,1.515
NORTE,2007-10-20,1.504
NORTE,2007-10-27,1.501
NORTE,2007-11-03,1.504
NORTE,2007-11-10,1.509
NORTE,2007-11-17,1.535
NORTE,2007-11-24,1.596
NORTE,2007-12-01,1.673
NORTE,2007-12-08,1.71
NORTE,2007-12-15,1.737
NORTE,2007-12-22,1.747
NORTE,2007-12-29,1.739
NORTE,2008-01-05,1.754
NORTE,2008-01-12,1.75
NORTE,2008-01-19,1.739
NORTE,2008-01-26,1.751
NORTE,2008-02-02,1.747
NORTE,2008-02-09,1.742
NORTE,2008-02-16,1.74
NORTE,2008-02-23,1.74
NORTE,2008-03-01,1.739
NORTE,2008-03-08,1.744
NORTE,2008-03-15,1.756
NORTE,2008-03-22,1.754
NORTE,2008-03-29,1.763
NORTE,2008-04-05,1.76
NORTE,2008-04-12,1.772
NORTE,2008-04-19,1.777
NORTE,2008-04-26,1.769
NORTE,2008-05-03,1.769
NORTE,2008-05-10,1.775
NORTE,2008-05-17,1.769
NORTE,2008-05-24,1.772
NORTE,2008-05-31,1.771
NORTE,2008-06-07,1.766
NORTE,2008-06-14,1.751
NORTE,2008-06-21,1.738
NORTE,2008-06-28,1.723
NORTE,2008-07-05,1.709
NORTE,2008-07-12,1.704
NORTE,2008-07-19,1.704
NORTE,2008-07-26,1.704
NORTE,2008-08-02,1.709
NORTE,2008-08-09,1.705
NORTE,2008-08-16,1.711
NORTE,2008-08-23,1.709
NORTE,2008-08-30,1.705
NORTE,2008-09-06,1.707
NORTE,2008-09-13,1.705
NORTE,2008-09-20,1.707
NORTE,2008-09-27,1.705
NORTE,2008-10-04,1.706
NORTE,2008-10-11,1.708
NORTE,2008-10-18,1.707
NORTE,2008-10-25,1.707
NORTE,2008-11-01,1.708
NORTE,2008-11-08,1.705
NORTE,2008-11-15,1.709
NORTE,2008-11-22,1.706
NORTE,2008-11-29,1.711
NORTE,2008-12-06,1.707
NORTE,2008-12-13,1.707
NORTE,2008-12-20,1.711
NORTE,2008-12-27,1.709
NORTE,2009-01-03,1.713
NORTE,2009-01-10,1.716
NORTE,2009-01-17,1.72
NORTE,2009-01-24,1.749
NORTE,2009-01-31,1.759
NORTE,2009-02-07,1.766
NORTE,2009-02-14,1.768
NORTE,2009-02-21,1.771
NORTE,2009-02-28,1.773
NORTE,2009-03-07,1.77
NORTE,2009-03-14,1.777
NORTE,2009-03-21,1.773
NORTE,2009-03-28,1.761
NORTE,2009-04-04,1.743
NORTE,2009-04-11,1.727
NORTE,2009-04-18,1.732
NORTE,2009-04-25,1.734
NORTE,2009-05-02,1.735
NORTE,2009-05-09,1.733
NORTE,2009-05-16,1.731
NORTE,2009-05-23,1.726
NORTE,2009-05-30,1.726
NORTE,2009-06-06,1.728
NORTE,2009-06-13,1.706
NORTE,2009-06-20,1.701
NORTE,2009-06-27,1.699
NORTE,2009-07-04,1.69
NORTE,2009-07-11,1.691
NORTE,2009-07-18,1.684
NORTE,2009-07-25,1.689
NORTE,2009-08-01,1.685
NORTE,2009-08-08,1.683
NORTE,2009-08-15,1.682
NORTE,2009-09-05,1.69
NORTE,2009-09-12,1.692
NORTE,2009-09-19,1.69
NORTE,2009-09-26,1.691
NORTE,2009-10-03,1.699
NORTE,2009-10-10,1.68
NORTE,2009-10-17,1.705
NORTE,2009-10-24,1.763
NORTE,2009-10-31,1.742
NORTE,2009-11-07,1.744
NORTE,2009-11-14,1.878
NORTE,2009-11-21,1.741
NORTE,2009-11-28,1.747
NORTE,2009-12-05,1.774
NORTE,2009-12-12,1.757
NORTE,2009-12-19,1.792
NORTE,2009-12-26,1.774
NORTE,2010-01-02,1.774
NORTE,2010-01-09,1.833
NORTE,2010-01-16,1.825
NORTE,2010-01-23,1.881
NORTE,2010-01-30,1.999
NORTE,2010-02-06,1.975
NORTE,2010-02-13,2.002
NORTE,2010-02-20,2.031
NORTE,2010-02-27,1.997
NORTE,2010-03-06,1.986
NORTE,2010-03-13,1.967
NORTE,2010-03-20,1.969
NORTE,2010-03-27,1.89
NORTE,2010-04-03,1.885
NORTE,2010-04-10,1.889
NORTE,2010-04-17,1.901
NORTE,2010-04-24,1.903
NORTE,2010-05-01,1.872
NORTE,2010-05-08,1.881
NORTE,2010-05-15,1.884
NORTE,2010-05-22,1.877
NORTE,2010-05-29,1.883
NORTE,2010-06-05,1.885
NORTE,2010-06-12,1.872
NORTE,2010-06-19,1.868
NORTE,2010-06-26,1.87
NORTE,2010-07-03,1.862
NORTE,2010-07-10,1.873
NORTE,2010-07-17,1.838
NORTE,2010-07-24,1.847
NORTE,2010-07-31,1.857
NORTE,2010-08-07,1.838
NORTE,2010-08-14,1.835
NORTE,2010-08-21,1.836
NORTE,2010-08-28,1.836
NORTE,2010-09-04,1.836
NORTE,2010-09-11,1.836
NORTE,2010-09-18,1.835
NORTE,2010-09-25,1.835
NORTE,2010-10-02,1.834
NORTE,2010-10-09,1.834
NORTE,2010-10-16,1.834
NORTE,2010-10-23,1.834
NORTE,2010-10-30,1.907
NORTE,2010-11-06,1.907
NORTE,2010-11-13,1.911
NORTE,2010-11-20,1.911
NORTE,2010-11-27,1.911
NORTE,2010-12-04,1.911
NORTE,2010-12-11,1.917
NORTE,2010-12-18,1.917
NORTE,2010-12-25,1.919
NORTE,2011-01-01,1.919
NORTE,2011-01-08,1.919
NORTE,2011-01-15,1.919
NORTE,2011-01-22,1.961
NORTE,2011-01-29,1.961
NORTE,2011-02-05,1.974
NORTE,2011-02-12,1.974
NORTE,2011-02-19,1.974
NORTE,2011-02-26,2.011
NORTE,2011-03-05,2.022
NORTE,2011-03-12,2.022
NORTE,2011-03-19,2.019
NORTE,2011-03-26,2.019
NORTE,2011-04-02,2.025
NORTE,2011-04-09,2.025
NORTE,2011-04-16,2.017
NORTE,2011-04-23,2.025
NORTE,2011-04-30,2.022
NORTE,2011-05-07,2.026
NORTE,2011-05-14,2.022
NORTE,2011-05-21,2.037
NORTE,2011-05-28,2.016
NORTE,2011-06-04,2.016
NORTE,2011-06-11,2.014
NORTE,2011-06-18,1.998
NORTE,2011-06-25,2.011
NORTE,2011-07-02,2.014
NORTE,2011-07-09,2.01
NORTE,2011-07-16,2.004
NORTE,2011-07-23,2.013
NORTE,2011-07-30,2.003
NORTE,2011-08-06,2.015
NORTE,2011-08-13,2.006
NORTE,2011-08-20,2.014
NORTE,2011-08-27,2.004
NORTE,2011-09-03,2.016
NORTE,2011-09-10,1.996
NORTE,2011-09-17,2.015
NORTE,2011-09-24,2.006
NORTE,2011-10-01,2.016
NORTE,2011-10-08,2.011
NORTE,2011-10-15,2.013
NORTE,2011-10-22,2.011
NORTE,2011-10-29,2.013
NORTE,2011-11-05,2.008
NORTE,2011-11-12,2.013
NORTE,2011-11-19,2.013
NORTE,2011-11-26,2.012
NORTE,2011-12-03,2.014
NORTE,2011-12-10,2.013
NORTE,2011-12-17,2.014
NORTE,2011-12-24,2.015
NORTE,2011-12-31,2.006
NORTE,2012-01-07,2.012
NORTE,2012-01-14,2.012
NORTE,2012-01-21,2.011
NORTE,2012-01-28,2.015
NORTE,2012-02-04,2.013
NORTE,2012-02-11,2.015
NORTE,2012-02-18,2.025
NORTE,2012-02-25,2.018
NORTE,2012-03-03,2.025
NORTE,2012-03-10,2.022
NORTE,2012-03-17,2.02
NORTE,2012-03-24,2.016
NORTE,2012-03-31,2.014
NORTE,2012-04-07,2.007
NORTE,2012-04-14,2.006
NORTE,2012-04-21,2.008
NORTE,2012-04-28,2.006
NORTE,2012-05-05,2.013
NORTE,2012-05-12,2.006
NORTE,2012-05-19,2.008
NORTE,2012-05-26,2.007
NORTE,2012-06-02,2.009
NORTE,2012-06-09,2.008
NORTE,2012-06-16,2.011
NORTE,2012-06-23,2.007
NORTE,2012-06-30,2.008
NORTE,2012-07-07,2.007
NORTE,2012-07-14,2.012
NORTE,2012-07-21,2.068
NORTE,2012-07-28,2.071
NORTE,2012-08-04,2.067
NORTE,2012-08-11,2.073
NORTE,2012-08-18,2.069
NORTE,2012-08-25,2.07
NORTE,2012-09-01,2.067
NORTE,2012-09-08,2.071
NORTE,2012-09-15,2.067
NORTE,2012-09-22,2.069
NORTE,2012-09-29,2.096
NORTE,2012-10-06,2.108
NORTE,2012-10-13,2.111
NORTE,2012-10-20,2.11
NORTE,2012-10-27,2.109
NORTE,2012-11-03,2.112
NORTE,2012-11-10,2.113
NORTE,2012-11-17,2.113
NORTE,2012-11-24,2.111
NORTE,2012-12-01,2.108
NORTE,2012-12-08,2.107
NORTE,2012-12-15,2.108
NORTE,2012-12-22,2.112
NORTE,2012-12-29,2.113
NORTE,2013-01-05,2.112
NORTE,2013-01-12,2.113
NORTE,2013-01-19,2.114
NORTE,2013-01-26,2.113
NORTE,2013-02-02,2.116
NORTE,2013-02-09,2.187
NORTE,2013-02-16,2.185
NORTE,2013-02-23,2.184
NORTE,2013-03-02,2.201
NORTE,2013-03-09,2.199
NORTE,2013-03-16,2.22
NORTE,2013-03-23,2.22
NORTE,2013-03-30,2.226
NORTE,2013-04-06,2.245
NORTE,2013-04-13,2.264
NORTE,2013-04-20,2.268
NORTE,2013-04-27,2.285
NORTE,2013-05-04,2.287
NORTE,2013-05-11,2.289
NORTE,2013-05-18,2.291
NORTE,2013-05-25,2.284
NORTE,2013-06-01,2.289
NORTE,2013-06-08,2.288
NORTE,2013-06-15,2.285
NORTE,2013-06-22,2.278
NORTE,2013-06-29,2.279
NORTE,2013-07-06,2.275
NORTE,2013-07-13,2.275
NORTE,2013-07-20,2.276
NORTE,2013-07-27,2.286
NORTE,2013-08-03,2.262
NORTE,2013-08-10,2.262
NORTE,2013-08-17,2.26
NORTE,2013-08-24,2.265
NORTE,2013-08-31,2.27
NORTE,2013-09-07,2.263
NORTE,2013-09-14,2.27
NORTE,2013-09-21,2.27
NORTE,2013-09-28,2.264
NORTE,2013-10-05,2.264
NORTE,2013-10-12,2.21
NORTE,2013-10-19,2.221
NORTE,2013-10-26,2.225
NORTE,2013-11-02,2.228
NORTE,2013-11-09,2.219
NORTE,2013-11-16,2.223
NORTE,2013-11-23,2.205
NORTE,2013-11-30,2.227
NORTE,2013-12-07,2.276
NORTE,2013-12-14,2.27
NORTE,2013-12-21,2.28
NORTE,2013-12-28,2.275
NORTE,2014-01-04,2.282
NORTE,2014-01-11,2.294
NORTE,2014-01-18,2.299
NORTE,2014-01-25,2.308
NORTE,2014-02-01,2.31
NORTE,2014-02-08,2.307
NORTE,2014-02-15,2.313
NORTE,2014-02-22,2.313
NORTE,2014-03-01,2.316
NORTE,2014-03-08,2.314
NORTE,2014-03-15,2.326
NORTE,2014-03-22,2.331
NORTE,2014-03-29,2.348
NORTE,2014-04-05,2.353
NORTE,2014-04-12,2.362
NORTE,2014-04-19,2.358
NORTE,2014-04-26,2.362
NORTE,2014-05-03,2.362
NORTE,2014-05-10,2.369
NORTE,2014-05-17,2.363
NORTE,2014-05-24,2.363
NORTE,2014-05-31,2.363
NORTE,2014-06-07,2.354
NORTE,2014-06-14,2.357
NORTE,2014-06-21,2.354
NORTE,2014-06-28,2.357
NORTE,2014-07-05,2.355
NORTE,2014-07-12,2.339
NORTE,2014-07-19,2.336
NORTE,2014-07-26,2.342
NORTE,2014-08-02,2.343
NORTE,2014-08-09,2.339
NORTE,2014-08-16,2.342
NORTE,2014-08-23,2.341
NORTE,2014-08-30,2.343
NORTE,2014-09-06,2.341
NORTE,2014-09-13,2.335
NORTE,2014-09-20,2.342
NORTE,2014-09-27,2.346
NORTE,2014-10-04,2.342
NORTE,2014-10-11,2.337
NORTE,2014-10-18,2.346
NORTE,2014-10-25,2.337
NORTE,2014-11-01,2.337
NORTE,2014-11-08,2.338
NORTE,2014-11-15,2.348
NORTE,2014-11-22,2.345
NORTE,2014-11-29,2.349
NORTE,2014-12-06,2.356
NORTE,2014-12-13,2.359
NORTE,2014-12-20,2.358
NORTE,2014-12-27,2.359
NORTE,2015-01-03,2.359
NORTE,2015-01-10,2.366
NORTE,2015-01-17,2.362
NORTE,2015-01-24,2.363
NORTE,2015-01-31,2.364
NORTE,2015-02-07,2.509
NORTE,2015-02-14,2.548
NORTE,2015-02-21,2.548
NORTE,2015-02-28,2.545
NORTE,2015-03-07,2.566
NORTE,2015-03-14,2.567
NORTE,2015-03-21,2.589
NORTE,2015-03-28,2.588
NORTE,2015-04-04,2.591
NORTE,2015-04-11,2.589
NORTE,2015-04-18,2.618
NORTE,2015-04-25,2.614
NORTE,2015-05-02,2.616
NORTE,2015-05-09,2.618
NORTE,2015-05-16,2.615
NORTE,2015-05-23,2.62
NORTE,2015-05-30,2.63
NORTE,2015-06-06,2.611
NORTE,2015-06-13,2.612
NORTE,2015-06-20,2.611
NORTE,2015-06-27,2.605
NORTE,2015-07-04,2.597
NORTE,2015-07-11,2.597
NORTE,2015-07-18,2.594
NORTE,2015-07-25,2.592
NORTE,2015-08-01,2.589
NORTE,2015-08-08,2.59
NORTE,2015-08-15,2.73
NORTE,2015-08-29,2.607
NORTE,2015-09-05,2.622
NORTE,2015-09-12,2.647
NORTE,2015-09-19,2.613
NORTE,2015-09-26,2.607
NORTE,2015-10-03,2.605
NORTE,2015-10-10,2.3
NORTE,2015-10-17,2.668
NORTE,2015-10-24,2.682
NORTE,2015-10-31,2.801
NORTE,2015-11-07,2.803
NORTE,2015-11-14,2.847
NORTE,2015-11-21,2.891
NORTE,2015-11-28,2.65
NORTE,2015-12-05,2.904
NORTE,2015-12-12,2.936
NORTE,2015-12-19,2.93
NORTE,2015-12-26,2.938
NORTE,2016-01-02,2.943
NORTE,2016-01-09,2.975
NORTE,2016-01-16,2.783
NORTE,2016-01-23,2.981
NORTE,2016-01-30,2.989
NORTE,2016-02-06,3.017
NORTE,2016-02-13,3.028
NORTE,2016-02-20,3.05
NORTE,2016-02-27,3.053
NORTE,2016-03-05,2.85
NORTE,2016-03-12,3.068
NORTE,2016-03-19,3.048
NORTE,2016-03-26,3.046
NORTE,2016-04-02,3.057
NORTE,2016-04-09,2.85
NORTE,2016-04-16,3.047
NORTE,2016-04-23,2.85
NORTE,2016-04-30,3.048
NORTE,2016-05-07,3.057
NORTE,2016-05-14,3.057
NORTE,2016-05-21,3.068
NORTE,2016-05-28,2.85
NORTE,2016-06-04,3.05
NORTE,2016-06-11,2.85
NORTE,2016-06-18,3.058
NORTE,2016-06-25,3.06
NORTE,2016-07-02,3.051
NORTE,2016-07-09,3.065
NORTE,2016-07-16,2.55
NORTE,2016-07-23,3.04
NORTE,2016-07-30,2.75
NORTE,2016-08-06,3.022
NORTE,2016-08-13,3.007
NORTE,2016-08-20,3.027
NORTE,2016-08-27,3.027
NORTE,2016-09-03,2.55
NORTE,2016-09-10,3.036
NORTE,2016-09-17,3.039
NORTE,2016-09-24,3.039
NORTE,2016-10-01,3.036
NORTE,2016-10-08,3.042
NORTE,2016-10-15,3.041
NORTE,2016-10-22,2.55
NORTE,2016-10-29,3.042
NORTE,2016-11-05,2.85
NORTE,2016-11-12,3.042
NORTE,2016-11-19,3.037
NORTE,2016-11-26,2.966
NORTE,2016-12-03,2.955
NORTE,2016-12-10,2.952
NORTE,2016-12-17,3.015
NORTE,2016-12-24,2.85
NORTE,2016-12-31,3.033
NORTE,2017-01-07,2.917
NORTE,2017-01-14,3.121
NORTE,2017-01-21,3.155
NORTE,2017-01-28,3.153
NORTE,2017-02-04,3.143
NORTE,2017-02-11,3.13
NORTE,2017-02-18,3.107
NORTE,2017-02-25,3.104
NORTE,2017-03-04,2.95
NORTE,2017-03-11,3.044
NORTE,2017-03-18,3.02
NORTE,2017-03-25,3.005
NORTE,2017-04-01,2.989
NORTE,2017-04-08,2.981
NORTE,2017-04-15,2.988
NORTE,2017-04-22,2.986
NORTE,2017-04-29,2.992
NORTE,2017-05-06,2.986
NORTE,2017-05-13,2.997
NORTE,2017-05-20,2.85
NORTE,2017-05-27,2.973
NORTE,2017-06-03,2.967
NORTE,2017-06-10,2.95
NORTE,2017-06-17,2.958
NORTE,2017-06-24,2.948
NORTE,2017-07-01,2.899
NORTE,2017-07-08,2.79
NORTE,2017-07-15,2.901
NORTE,2017-07-22,2.864
NORTE,2017-07-29,2.996
NORTE,2017-08-05,2.987
NORTE,2017-08-12,3.025
NORTE,2017-08-19,3.084
NORTE,2017-08-26,2.82
NORTE,2017-09-02,3.048
NORTE,2017-09-09,3.064
NORTE,2017-09-16,3.111
NORTE,2017-09-23,3.05
NORTE,2017-09-30,3.134
NORTE,2017-10-07,3.076
NORTE,2017-10-14,3.182
NORTE,2017-10-21,3.103
NORTE,2017-10-28,3.138
NORTE,2017-11-04,3.079
NORTE,2017-11-11,3.191
NORTE,2017-11-18,3.146
NORTE,2017-11-25,3.261
NORTE,2017-12-02,3.171
NORTE,2017-12-09,3.259
NORTE,2017-12-16,3.203
NORTE,2017-12-23,3.243
NORTE,2017-12-30,3.188
NORTE,2018-01-06,3.147
NORTE,2018-01-13,3.253
NORTE,2018-01-20,3.325
NORTE,2018-01-27,3.344
NORTE,2018-02-03,3.361
NORTE,2018-02-10,3.363
NORTE,2018-02-17,3.367
NORTE,2018-02-24,2.95
NORTE,2018-03-03,3.342
NORTE,2018-03-10,3.357
NORTE,2018-03-17,3.35
NORTE,2018-03-24,3.354
NORTE,2018-03-31,3.19
NORTE,2018-04-07,3.385
NORTE,2018-04-14,3.409
NORTE,2018-04-21,3.413
NORTE,2018-04-28,3.456
NORTE,2018-05-05,3.469
NORTE,2018-05-12,3.514
NORTE,2018-05-19,3.528
NORTE,2018-05-26,3.625
NORTE,2018-06-02,3.613
NORTE,2018-06-09,3.45
NORTE,2018-06-16,3.145
NORTE,2018-06-23,3.406
NORTE,2018-06-30,3.38
NORTE,2018-07-07,3.387
NORTE,2018-07-14,3.4
NORTE,2018-07-21,3.386
NORTE,2018-07-28,3.402
NORTE,2018-08-04,3.402
NORTE,2018-08-11,3.435
NORTE,2018-08-18,3.35
NORTE,2018-08-25,3.403
NORTE,2018-09-01,3.4
NORTE,2018-09-08,3.532
NORTE,2018-09-15,3.551
NORTE,2018-09-22,3.486
NORTE,2018-09-29,3.502
NORTE,2018-10-06,3.52
NORTE,2018-10-13,3.562
NORTE,2018-10-20,3.606
NORTE,2018-10-27,3.631
NORTE,2018-11-03,3.578
NORTE,2018-11-10,3.636
NORTE,2018-11-17,3.65
NORTE,2018-11-24,3.632
NORTE,2018-12-01,3.639
NORTE,2018-12-08,3.592
NORTE,2018-12-15,3.542
NORTE,2018-12-22,3.51
NORTE,2018-12-29,3.475
NORTE,2019-01-05,3.496
NORTE,2019-01-12,3.17
NORTE,2019-01-19,3.418
NORTE,2019-01-26,3.413
NORTE,2019-02-02,3.416
NORTE,2019-02-09,3.335
NORTE,2019-02-16,3.314
NORTE,2019-02-23,3.258
NORTE,2019-03-02,3.262
NORTE,2019-03-09,3.268
NORTE,2019-03-16,3.29
NORTE,2019-03-23,3.309
NORTE,2019-03-30,3.175
NORTE,2019-04-06,3.325
NORTE,2019-04-13,3.314
NORTE,2019-04-20,3.338
NORTE,2019-04-27,3.378
NORTE,2019-05-04,3.433
NORTE,2019-05-11,3.436
NORTE,2019-05-18,3.415
NORTE,2019-05-25,3.408
NORTE,2019-06-01,3.392
NORTE,2019-06-08,3.469
NORTE,2019-06-15,3.367
NORTE,2019-06-22,3.368
NORTE,2019-06-29,3.339
SUDESTE,2004-05-15,0.768
SUDESTE,2004-05-22,0.765999999999999
SUDESTE,2004-05-29,0.823
SUDESTE,2004-06-05,0.887
SUDESTE,2004-06-12,0.894
SUDESTE,2004-06-19,0.898
SUDESTE,2004-06-26,0.904
SUDESTE,2004-07-03,0.899
SUDESTE,2004-07-10,0.902
SUDESTE,2004-07-17,0.907
SUDESTE,2004-07-24,0.927
SUDESTE,2004-07-31,0.973
SUDESTE,2004-08-07,1.004
SUDESTE,2004-08-14,1.025
SUDESTE,2004-08-21,1.034
SUDESTE,2004-08-28,1.032
SUDESTE,2004-09-04,1.032
SUDESTE,2004-09-11,1.031
SUDESTE,2004-09-18,1.033
SUDESTE,2004-09-25,1.034
SUDESTE,2004-10-02,1.042
SUDESTE,2004-10-09,1.076
SUDESTE,2004-10-16,1.086
SUDESTE,2004-10-23,1.086
SUDESTE,2004-10-30,1.086
SUDESTE,2004-11-06,1.05
SUDESTE,2004-11-13,1.048
SUDESTE,2004-11-20,1.047
SUDESTE,2004-11-27,1.047
SUDESTE,2004-12-04,1.047
SUDESTE,2004-12-11,1.046
SUDESTE,2004-12-18,1.045
SUDESTE,2004-12-25,1.044
SUDESTE,2005-01-01,1.045
SUDESTE,2005-01-08,1.046
SUDESTE,2005-01-15,1.045
SUDESTE,2005-01-22,1.044
SUDESTE,2005-01-29,1.045
SUDESTE,2005-02-05,1.044
SUDESTE,2005-02-12,1.043
SUDESTE,2005-02-19,1.044
SUDESTE,2005-02-26,1.042
SUDESTE,2005-03-05,1.045
SUDESTE,2005-03-12,1.044
SUDESTE,2005-03-19,1.046
SUDESTE,2005-03-26,1.045
SUDESTE,2005-04-02,1.046
SUDESTE,2005-04-09,1.043
SUDESTE,2005-04-16,1.04
SUDESTE,2005-04-23,1.043
SUDESTE,2005-04-30,1.039
SUDESTE,2005-05-07,1.04
SUDESTE,2005-05-14,1.04
SUDESTE,2005-05-21,1.039
SUDESTE,2005-05-28,1.034
SUDESTE,2005-06-04,1.014
SUDESTE,2005-06-11,0.995
SUDESTE,2005-06-18,0.979
SUDESTE,2005-06-25,0.978
SUDESTE,2005-07-02,0.981
SUDESTE,2005-07-09,1.025
SUDESTE,2005-07-16,1.049
SUDESTE,2005-07-23,1.067
SUDESTE,2005-07-30,1.062
SUDESTE,2005-08-06,1.058
SUDESTE,2005-08-13,1.045
SUDESTE,2005-09-03,1.036
SUDESTE,2005-09-10,1.063
SUDESTE,2005-09-17,1.079
SUDESTE,2005-09-24,1.097
SUDESTE,2005-10-01,1.119
SUDESTE,2005-10-08,1.102
SUDESTE,2005-10-15,1.114
SUDESTE,2005-10-22,1.099
SUDESTE,2005-10-29,1.107
SUDESTE,2005-11-05,1.086
SUDESTE,2005-11-12,1.098
SUDESTE,2005-11-19,1.094
SUDESTE,2005-11-26,1.096
SUDESTE,2005-12-03,1.096
SUDESTE,2005-12-10,1.095
SUDESTE,2005-12-17,1.086
SUDESTE,2005-12-24,1.09
SUDESTE,2005-12-31,1.087
SUDESTE,2006-01-07,1.091
SUDESTE,2006-01-14,1.094
SUDESTE,2006-01-21,1.089
SUDESTE,2006-01-28,1.091
SUDESTE,2006-02-04,1.092
SUDESTE,2006-02-11,1.144
SUDESTE,2006-02-18,1.142
SUDESTE,2006-02-25,1.133
SUDESTE,2006-03-04,1.135
SUDESTE,2006-03-11,1.127
SUDESTE,2006-03-18,1.127
SUDESTE,2006-03-25,1.126
SUDESTE,2006-04-01,1.124
SUDESTE,2006-04-08,1.149
SUDESTE,2006-04-15,1.16
SUDESTE,2006-04-22,1.153
SUDESTE,2006-04-29,1.163
SUDESTE,2006-05-06,1.164
SUDESTE,2006-05-13,1.154
SUDESTE,2006-05-20,1.164
SUDESTE,2006-05-27,1.162
SUDESTE,2006-06-03,1.14
SUDESTE,2006-06-10,1.157
SUDESTE,2006-06-17,1.154
SUDESTE,2006-06-24,1.135
SUDESTE,2006-07-01,1.143
SUDESTE,2006-07-08,1.105
SUDESTE,2006-07-15,1.096
SUDESTE,2006-07-22,1.075
SUDESTE,2006-07-29,1.14
SUDESTE,2006-08-05,1.165
SUDESTE,2006-08-12,1.174
SUDESTE,2006-08-19,1.171
SUDESTE,2006-08-26,1.173
SUDESTE,2006-09-02,1.167
SUDESTE,2006-09-09,1.176
SUDESTE,2006-09-16,1.174
SUDESTE,2006-09-23,1.178
SUDESTE,2006-09-30,1.177
SUDESTE,2006-10-07,1.174
SUDESTE,2006-10-14,1.171
SUDESTE,2006-10-21,1.175
SUDESTE,2006-10-28,1.173
SUDESTE,2006-11-04,1.177
SUDESTE,2006-11-11,1.169
SUDESTE,2006-11-18,1.175
SUDESTE,2006-11-25,1.176
SUDESTE,2006-12-02,1.177
SUDESTE,2006-12-09,1.172
SUDESTE,2006-12-16,1.177
SUDESTE,2006-12-23,1.172
SUDESTE,2006-12-30,1.179
SUDESTE,2007-01-06,1.174
SUDESTE,2007-01-13,1.172
SUDESTE,2007-01-20,1.178
SUDESTE,2007-01-27,1.177
SUDESTE,2007-02-03,1.179
SUDESTE,2007-02-10,1.169
SUDESTE,2007-02-17,1.177
SUDESTE,2007-02-24,1.177
SUDESTE,2007-03-03,1.18
SUDESTE,2007-03-10,1.177
SUDESTE,2007-03-17,1.174
SUDESTE,2007-03-24,1.168
SUDESTE,2007-03-31,1.17
SUDESTE,2007-04-07,1.17
SUDESTE,2007-04-14,1.174
SUDESTE,2007-04-21,1.177
SUDESTE,2007-04-28,1.179
SUDESTE,2007-05-05,1.188
SUDESTE,2007-05-12,1.189
SUDESTE,2007-05-19,1.194
SUDESTE,2007-05-26,1.193
SUDESTE,2007-06-02,1.187
SUDESTE,2007-06-09,1.19
SUDESTE,2007-06-16,1.202
SUDESTE,2007-06-23,1.196
SUDESTE,2007-06-30,1.195
SUDESTE,2007-07-07,1.198
SUDESTE,2007-07-14,1.186
SUDESTE,2007-07-21,1.161
SUDESTE,2007-07-28,1.145
SUDESTE,2007-08-04,1.129
SUDESTE,2007-08-11,1.114
SUDESTE,2007-08-18,1.107
SUDESTE,2007-08-25,1.105
SUDESTE,2007-09-01,1.096
SUDESTE,2007-09-08,1.089
SUDESTE,2007-09-15,1.081
SUDESTE,2007-09-22,1.078
SUDESTE,2007-09-29,1.075
SUDESTE,2007-10-06,1.073
SUDESTE,2007-10-13,1.066
SUDESTE,2007-10-20,1.067
SUDESTE,2007-10-27,1.063
SUDESTE,2007-11-03,1.064
SUDESTE,2007-11-10,1.089
SUDESTE,2007-11-17,1.165
SUDESTE,2007-11-24,1.168
SUDESTE,2007-12-01,1.175
SUDESTE,2007-12-08,1.173
SUDESTE,2007-12-15,1.157
SUDESTE,2007-12-22,1.174
SUDESTE,2007-12-29,1.18
SUDESTE,2008-01-05,1.18
SUDESTE,2008-01-12,1.166
SUDESTE,2008-01-19,1.177
SUDESTE,2008-01-26,1.175
SUDESTE,2008-02-02,1.17
SUDESTE,2008-02-09,1.164
SUDESTE,2008-02-16,1.165
SUDESTE,2008-02-23,1.161
SUDESTE,2008-03-01,1.177
SUDESTE,2008-03-08,1.173
SUDESTE,2008-03-15,1.165
SUDESTE,2008-03-22,1.17
SUDESTE,2008-03-29,1.169
SUDESTE,2008-04-05,1.176
SUDESTE,2008-04-12,1.159
SUDESTE,2008-04-19,1.172
SUDESTE,2008-04-26,1.17
SUDESTE,2008-05-03,1.166
SUDESTE,2008-05-10,1.184
SUDESTE,2008-05-17,1.191
SUDESTE,2008-05-24,1.207
SUDESTE,2008-05-31,1.187
SUDESTE,2008-06-07,1.249
SUDESTE,2008-06-14,1.249
SUDESTE,2008-06-21,1.234
SUDESTE,2008-06-28,1.228
SUDESTE,2008-07-05,1.23
SUDESTE,2008-07-12,1.245
SUDESTE,2008-07-19,1.242
SUDESTE,2008-07-26,1.245
SUDESTE,2008-08-02,1.242
SUDESTE,2008-08-09,1.248
SUDESTE,2008-08-16,1.239
SUDESTE,2008-08-23,1.245
SUDESTE,2008-08-30,1.255
SUDESTE,2008-09-06,1.253
SUDESTE,2008-09-13,1.267
SUDESTE,2008-09-20,1.28
SUDESTE,2008-09-27,1.291
SUDESTE,2008-10-04,1.29
SUDESTE,2008-10-11,1.302
SUDESTE,2008-10-18,1.313
SUDESTE,2008-10-25,1.315
SUDESTE,2008-11-01,1.316
SUDESTE,2008-11-08,1.314
SUDESTE,2008-11-15,1.317
SUDESTE,2008-11-22,1.315
SUDESTE,2008-11-29,1.318
SUDESTE,2008-12-06,1.314
SUDESTE,2008-12-13,1.318
SUDESTE,2008-12-20,1.316
SUDESTE,2008-12-27,1.311
SUDESTE,2009-01-03,1.31
SUDESTE,2009-01-10,1.313
SUDESTE,2009-01-17,1.308
SUDESTE,2009-01-24,1.304
SUDESTE,2009-01-31,1.323
SUDESTE,2009-02-07,1.331
SUDESTE,2009-02-14,1.349
SUDESTE,2009-02-21,1.346
SUDESTE,2009-02-28,1.346
SUDESTE,2009-03-07,1.337
SUDESTE,2009-03-14,1.329
SUDESTE,2009-03-21,1.308
SUDESTE,2009-03-28,1.29
SUDESTE,2009-04-04,1.278
SUDESTE,2009-04-11,1.257
SUDESTE,2009-04-18,1.236
SUDESTE,2009-04-25,1.239
SUDESTE,2009-05-02,1.244
SUDESTE,2009-05-09,1.231
SUDESTE,2009-05-16,1.216
SUDESTE,2009-05-23,1.2
SUDESTE,2009-05-30,1.177
SUDESTE,2009-06-06,1.159
SUDESTE,2009-06-13,1.139
SUDESTE,2009-06-20,1.134
SUDESTE,2009-06-27,1.138
SUDESTE,2009-07-04,1.14
SUDESTE,2009-07-11,1.165
SUDESTE,2009-07-18,1.188
SUDESTE,2009-07-25,1.203
SUDESTE,2009-08-01,1.207
SUDESTE,2009-08-08,1.223
SUDESTE,2009-08-15,1.226
SUDESTE,2009-09-05,1.256
SUDESTE,2009-09-12,1.271
SUDESTE,2009-09-19,1.296
SUDESTE,2009-09-26,1.29
SUDESTE,2009-10-03,1.368
SUDESTE,2009-10-10,1.475
SUDESTE,2009-10-17,1.452
SUDESTE,2009-10-24,1.486
SUDESTE,2009-10-31,1.472
SUDESTE,2009-11-07,1.492
SUDESTE,2009-11-14,1.474
SUDESTE,2009-11-21,1.48
SUDESTE,2009-11-28,1.477
SUDESTE,2009-12-05,1.502
SUDESTE,2009-12-12,1.5
SUDESTE,2009-12-19,1.497
SUDESTE,2009-12-26,1.5
SUDESTE,2010-01-02,1.48
SUDESTE,2010-01-09,1.496
SUDESTE,2010-01-16,1.466
SUDESTE,2010-01-23,1.513
SUDESTE,2010-01-30,1.488
SUDESTE,2010-02-06,1.493
SUDESTE,2010-02-13,1.519
SUDESTE,2010-02-20,1.511
SUDESTE,2010-02-27,1.469
SUDESTE,2010-03-06,1.513
SUDESTE,2010-03-13,1.479
SUDESTE,2010-03-20,1.503
SUDESTE,2010-03-27,1.497
SUDESTE,2010-04-03,1.433
SUDESTE,2010-04-10,1.419
SUDESTE,2010-04-17,1.493
SUDESTE,2010-04-24,1.491
SUDESTE,2010-05-01,1.457
SUDESTE,2010-05-08,1.403
SUDESTE,2010-05-15,1.365
SUDESTE,2010-05-22,1.321
SUDESTE,2010-05-29,1.3
SUDESTE,2010-06-05,1.298
SUDESTE,2010-06-12,1.285
SUDESTE,2010-06-19,1.271
SUDESTE,2010-06-26,1.271
SUDESTE,2010-07-03,1.273
SUDESTE,2010-07-10,1.289
SUDESTE,2010-07-17,1.303
SUDESTE,2010-07-24,1.352
SUDESTE,2010-07-31,1.388
SUDESTE,2010-08-07,1.39
SUDESTE,2010-08-14,1.395
SUDESTE,2010-08-21,1.398
SUDESTE,2010-08-28,1.399
SUDESTE,2010-09-04,1.395
SUDESTE,2010-09-11,1.404
SUDESTE,2010-09-18,1.411
SUDESTE,2010-09-25,1.422
SUDESTE,2010-10-02,1.436
SUDESTE,2010-10-09,1.467
SUDESTE,2010-10-16,1.468
SUDESTE,2010-10-23,1.459
SUDESTE,2010-10-30,1.48
SUDESTE,2010-11-06,1.472
SUDESTE,2010-11-13,1.487
SUDESTE,2010-11-20,1.479
SUDESTE,2010-11-27,1.494
SUDESTE,2010-12-04,1.475
SUDESTE,2010-12-11,1.47
SUDESTE,2010-12-18,1.369
SUDESTE,2010-12-25,1.298
SUDESTE,2011-01-01,1.282
SUDESTE,2011-01-08,1.265
SUDESTE,2011-01-15,1.249
SUDESTE,2011-01-22,1.244
SUDESTE,2011-01-29,1.268
SUDESTE,2011-02-05,1.257
SUDESTE,2011-02-12,1.253
SUDESTE,2011-02-19,1.25
SUDESTE,2011-02-26,1.246
SUDESTE,2011-03-05,1.241
SUDESTE,2011-03-12,1.239
SUDESTE,2011-03-19,1.253
SUDESTE,2011-03-26,1.254
SUDESTE,2011-04-02,1.245
SUDESTE,2011-04-09,1.28
SUDESTE,2011-04-16,1.308
SUDESTE,2011-04-23,1.309
SUDESTE,2011-04-30,1.326
SUDESTE,2011-05-07,1.32
SUDESTE,2011-05-14,1.315
SUDESTE,2011-05-21,1.318
SUDESTE,2011-05-28,1.31
SUDESTE,2011-06-04,1.333
SUDESTE,2011-06-11,1.328
SUDESTE,2011-06-18,1.325
SUDESTE,2011-06-25,1.324
SUDESTE,2011-07-02,1.339
SUDESTE,2011-07-09,1.319
SUDESTE,2011-07-16,1.313
SUDESTE,2011-07-23,1.333
SUDESTE,2011-07-30,1.336
SUDESTE,2011-08-06,1.316
SUDESTE,2011-08-13,1.317
SUDESTE,2011-08-20,1.328
SUDESTE,2011-08-27,1.317
SUDESTE,2011-09-03,1.341
SUDESTE,2011-09-10,1.321
SUDESTE,2011-09-17,1.318
SUDESTE,2011-09-24,1.337
SUDESTE,2011-10-01,1.327
SUDESTE,2011-10-08,1.326
SUDESTE,2011-10-15,1.325
SUDESTE,2011-10-22,1.304
SUDESTE,2011-10-29,1.309
SUDESTE,2011-11-05,1.319
SUDESTE,2011-11-12,1.319
SUDESTE,2011-11-19,1.324
SUDESTE,2011-11-26,1.31
SUDESTE,2011-12-03,1.307
SUDESTE,2011-12-10,1.312
SUDESTE,2011-12-17,1.361
SUDESTE,2011-12-24,1.387
SUDESTE,2011-12-31,1.405
SUDESTE,2012-01-07,1.403
SUDESTE,2012-01-14,1.431
SUDESTE,2012-01-21,1.409
SUDESTE,2012-01-28,1.404
SUDESTE,2012-02-04,1.405
SUDESTE,2012-02-11,1.431
SUDESTE,2012-02-18,1.406
SUDESTE,2012-02-25,1.406
SUDESTE,2012-03-03,1.408
SUDESTE,2012-03-10,1.417
SUDESTE,2012-03-17,1.4
SUDESTE,2012-03-24,1.412
SUDESTE,2012-03-31,1.409
SUDESTE,2012-04-07,1.391
SUDESTE,2012-04-14,1.386
SUDESTE,2012-04-21,1.401
SUDESTE,2012-04-28,1.41
SUDESTE,2012-05-05,1.407
SUDESTE,2012-05-12,1.414
SUDESTE,2012-05-19,1.391
SUDESTE,2012-05-26,1.397
SUDESTE,2012-06-02,1.419
SUDESTE,2012-06-09,1.422
SUDESTE,2012-06-16,1.469
SUDESTE,2012-06-23,1.486
SUDESTE,2012-06-30,1.497
SUDESTE,2012-07-07,1.5
SUDESTE,2012-07-14,1.504
SUDESTE,2012-07-21,1.498
SUDESTE,2012-07-28,1.524
SUDESTE,2012-08-04,1.503
SUDESTE,2012-08-11,1.488
SUDESTE,2012-08-18,1.51
SUDESTE,2012-08-25,1.524
SUDESTE,2012-09-01,1.507
SUDESTE,2012-09-08,1.518
SUDESTE,2012-09-15,1.522
SUDESTE,2012-09-22,1.525
SUDESTE,2012-09-29,1.518
SUDESTE,2012-10-06,1.512
SUDESTE,2012-10-13,1.532
SUDESTE,2012-10-20,1.531
SUDESTE,2012-10-27,1.517
SUDESTE,2012-11-03,1.519
SUDESTE,2012-11-10,1.505
SUDESTE,2012-11-17,1.523
SUDESTE,2012-11-24,1.503
SUDESTE,2012-12-01,1.529
SUDESTE,2012-12-08,1.604
SUDESTE,2012-12-15,1.592
SUDESTE,2012-12-22,1.596
SUDESTE,2012-12-29,1.618
SUDESTE,2013-01-05,1.598
SUDESTE,2013-01-12,1.619
SUDESTE,2013-01-19,1.617
SUDESTE,2013-01-26,1.598
SUDESTE,2013-02-02,1.622
SUDESTE,2013-02-09,1.639
SUDESTE,2013-02-16,1.609
SUDESTE,2013-02-23,1.605
SUDESTE,2013-03-02,1.621
SUDESTE,2013-03-09,1.608
SUDESTE,2013-03-16,1.611
SUDESTE,2013-03-23,1.633
SUDESTE,2013-03-30,1.625
SUDESTE,2013-04-06,1.616
SUDESTE,2013-04-13,1.624
SUDESTE,2013-04-20,1.616
SUDESTE,2013-04-27,1.605
SUDESTE,2013-05-04,1.644
SUDESTE,2013-05-11,1.638
SUDESTE,2013-05-18,1.61
SUDESTE,2013-05-25,1.613
SUDESTE,2013-06-01,1.638
SUDESTE,2013-06-08,1.654
SUDESTE,2013-06-15,1.675
SUDESTE,2013-06-22,1.666
SUDESTE,2013-06-29,1.705
SUDESTE,2013-07-06,1.683
SUDESTE,2013-07-13,1.674
SUDESTE,2013-07-20,1.668
SUDESTE,2013-07-27,1.697
SUDESTE,2013-08-03,1.673
SUDESTE,2013-08-10,1.662
SUDESTE,2013-08-17,1.666
SUDESTE,2013-08-24,1.68
SUDESTE,2013-08-31,1.667
SUDESTE,2013-09-07,1.666
SUDESTE,2013-09-14,1.663
SUDESTE,2013-09-21,1.655
SUDESTE,2013-09-28,1.639
SUDESTE,2013-10-05,1.668
SUDESTE,2013-10-12,1.656
SUDESTE,2013-10-19,1.655
SUDESTE,2013-10-26,1.633
SUDESTE,2013-11-02,1.663
SUDESTE,2013-11-09,1.646
SUDESTE,2013-11-16,1.659
SUDESTE,2013-11-23,1.633
SUDESTE,2013-11-30,1.657
SUDESTE,2013-12-07,1.642
SUDESTE,2013-12-14,1.672
SUDESTE,2013-12-21,1.662
SUDESTE,2013-12-28,1.673
SUDESTE,2014-01-04,1.686
SUDESTE,2014-01-11,1.676
SUDESTE,2014-01-18,1.681
SUDESTE,2014-01-25,1.709
SUDESTE,2014-02-01,1.69
SUDESTE,2014-02-08,1.675
SUDESTE,2014-02-15,1.681
SUDESTE,2014-02-22,1.703
SUDESTE,2014-03-01,1.681
SUDESTE,2014-03-08,1.68
SUDESTE,2014-03-15,1.683
SUDESTE,2014-03-22,1.717
SUDESTE,2014-03-29,1.686
SUDESTE,2014-04-05,1.691
SUDESTE,2014-04-12,1.675
SUDESTE,2014-04-19,1.737
SUDESTE,2014-04-26,1.693
SUDESTE,2014-05-03,1.694
SUDESTE,2014-05-10,1.673
SUDESTE,2014-05-17,1.749
SUDESTE,2014-05-24,1.705
SUDESTE,2014-05-31,1.698
SUDESTE,2014-06-07,1.7
SUDESTE,2014-06-14,1.75
SUDESTE,2014-06-21,1.725
SUDESTE,2014-06-28,1.723
SUDESTE,2014-07-05,1.729
SUDESTE,2014-07-12,1.765
SUDESTE,2014-07-19,1.734
SUDESTE,2014-07-26,1.739
SUDESTE,2014-08-02,1.739
SUDESTE,2014-08-09,1.751
SUDESTE,2014-08-16,1.738
SUDESTE,2014-08-23,1.731
SUDESTE,2014-08-30,1.786
SUDESTE,2014-09-06,1.761
SUDESTE,2014-09-13,1.784
SUDESTE,2014-09-20,1.787
SUDESTE,2014-09-27,1.782
SUDESTE,2014-10-04,1.78
SUDESTE,2014-10-11,1.779
SUDESTE,2014-10-18,1.772
SUDESTE,2014-10-25,1.795
SUDESTE,2014-11-01,1.784
SUDESTE,2014-11-08,1.784
SUDESTE,2014-11-15,1.767
SUDESTE,2014-11-22,1.801
SUDESTE,2014-11-29,1.796
SUDESTE,2014-12-06,1.787
SUDESTE,2014-12-13,1.789
SUDESTE,2014-12-20,1.796
SUDESTE,2014-12-27,1.803
SUDESTE,2015-01-03,1.791
SUDESTE,2015-01-10,1.803
SUDESTE,2015-01-17,1.8
SUDESTE,2015-01-24,1.801
SUDESTE,2015-01-31,1.816
SUDESTE,2015-02-07,1.82
SUDESTE,2015-02-14,1.8
SUDESTE,2015-02-21,1.823
SUDESTE,2015-02-28,1.828
SUDESTE,2015-03-07,1.826
SUDESTE,2015-03-14,1.815
SUDESTE,2015-03-21,1.822
SUDESTE,2015-03-28,1.819
SUDESTE,2015-04-04,1.843
SUDESTE,2015-04-11,1.807
SUDESTE,2015-04-18,1.846
SUDESTE,2015-04-25,1.814
SUDESTE,2015-05-02,1.833
SUDESTE,2015-05-09,1.838
SUDESTE,2015-05-16,1.846
SUDESTE,2015-05-23,1.82
SUDESTE,2015-05-30,1.851
SUDESTE,2015-06-06,1.855
SUDESTE,2015-06-13,1.879
SUDESTE,2015-06-20,1.9
SUDESTE,2015-06-27,1.882
SUDESTE,2015-07-04,1.896
SUDESTE,2015-07-11,1.901
SUDESTE,2015-07-18,1.905
SUDESTE,2015-07-25,1.916
SUDESTE,2015-08-01,1.901
SUDESTE,2015-08-08,1.891
SUDESTE,2015-08-15,1.902
SUDESTE,2015-08-29,1.876
SUDESTE,2015-09-05,1.887
SUDESTE,2015-09-12,1.887
SUDESTE,2015-09-19,1.893
SUDESTE,2015-09-26,1.947
SUDESTE,2015-10-03,1.972
SUDESTE,2015-10-10,1.963
SUDESTE,2015-10-17,2.003
SUDESTE,2015-10-24,1.931
SUDESTE,2015-10-31,1.989
SUDESTE,2015-11-07,2.006
SUDESTE,2015-11-14,1.971
SUDESTE,2015-11-21,1.978
SUDESTE,2015-11-28,2.0
SUDESTE,2015-12-05,1.961
SUDESTE,2015-12-12,2.049
SUDESTE,2015-12-19,1.979
SUDESTE,2015-12-26,1.983
SUDESTE,2016-01-02,2.001
SUDESTE,2016-01-09,2.035
SUDESTE,2016-01-16,1.991
SUDESTE,2016-01-23,2.035
SUDESTE,2016-01-30,2.047
SUDESTE,2016-02-06,2.0
SUDESTE,2016-02-13,1.972
SUDESTE,2016-02-20,2.052
SUDESTE,2016-02-27,2.038
SUDESTE,2016-03-05,2.002
SUDESTE,2016-03-12,1.976
SUDESTE,2016-03-19,2.056
SUDESTE,2016-03-26,2.003
SUDESTE,2016-04-02,1.987
SUDESTE,2016-04-09,2.012
SUDESTE,2016-04-16,2.044
SUDESTE,2016-04-23,1.968
SUDESTE,2016-04-30,2.076
SUDESTE,2016-05-07,1.977
SUDESTE,2016-05-14,2.066
SUDESTE,2016-05-21,1.979
SUDESTE,2016-05-28,1.993
SUDESTE,2016-06-04,2.035
SUDESTE,2016-06-11,2.047
SUDESTE,2016-06-18,2.004
SUDESTE,2016-06-25,2.033
SUDESTE,2016-07-02,1.991
SUDESTE,2016-07-09,2.097
SUDESTE,2016-07-16,2.002
SUDESTE,2016-07-23,2.04
SUDESTE,2016-07-30,1.988
SUDESTE,2016-08-06,2.043
SUDESTE,2016-08-13,2.023
SUDESTE,2016-08-20,2.065
SUDESTE,2016-08-27,1.991
SUDESTE,2016-09-03,2.07
SUDESTE,2016-09-10,2.022
SUDESTE,2016-09-17,2.039
SUDESTE,2016-09-24,2.025
SUDESTE,2016-10-01,2.08
SUDESTE,2016-10-08,2.057
SUDESTE,2016-10-15,1.999
SUDESTE,2016-10-22,2.047
SUDESTE,2016-10-29,2.036
SUDESTE,2016-11-05,2.046
SUDESTE,2016-11-12,2.09
SUDESTE,2016-11-19,2.037
SUDESTE,2016-11-26,2.075
SUDESTE,2016-12-03,2.046
SUDESTE,2016-12-10,2.029
SUDESTE,2016-12-17,2.036
SUDESTE,2016-12-24,2.065
SUDESTE,2016-12-31,2.067
SUDESTE,2017-01-07,2.032
SUDESTE,2017-01-14,2.059
SUDESTE,2017-01-21,2.083
SUDESTE,2017-01-28,2.051
SUDESTE,2017-02-04,2.097
SUDESTE,2017-02-11,2.041
SUDESTE,2017-02-18,2.147
SUDESTE,2017-02-25,2.059
SUDESTE,2017-03-04,2.069
SUDESTE,2017-03-11,2.032
SUDESTE,2017-03-18,2.147
SUDESTE,2017-03-25,2.078
SUDESTE,2017-04-01,2.074
SUDESTE,2017-04-08,2.052
SUDESTE,2017-04-15,2.151
SUDESTE,2017-04-22,2.095
SUDESTE,2017-04-29,2.119
SUDESTE,2017-05-06,2.114
SUDESTE,2017-05-13,2.152
SUDESTE,2017-05-20,2.122
SUDESTE,2017-05-27,2.134
SUDESTE,2017-06-03,2.083
SUDESTE,2017-06-10,2.167
SUDESTE,2017-06-17,2.166
SUDESTE,2017-06-24,2.241
SUDESTE,2017-07-01,2.195
SUDESTE,2017-07-08,2.205
SUDESTE,2017-07-15,2.196
SUDESTE,2017-07-22,2.148
SUDESTE,2017-07-29,2.25
SUDESTE,2017-08-05,2.242
SUDESTE,2017-08-12,2.178
SUDESTE,2017-08-19,2.201
SUDESTE,2017-08-26,2.233
SUDESTE,2017-09-02,2.255
SUDESTE,2017-09-09,2.209
SUDESTE,2017-09-16,2.207
SUDESTE,2017-09-23,2.203
SUDESTE,2017-09-30,2.258
SUDESTE,2017-10-07,2.19
SUDESTE,2017-10-14,2.288
SUDESTE,2017-10-21,2.249
SUDESTE,2017-10-28,2.289
SUDESTE,2017-11-04,2.156
SUDESTE,2017-11-11,2.279
SUDESTE,2017-11-18,2.268
SUDESTE,2017-11-25,2.4
SUDESTE,2017-12-02,2.255
SUDESTE,2017-12-09,2.243
SUDESTE,2017-12-16,2.264
SUDESTE,2017-12-23,2.28
SUDESTE,2017-12-30,2.231
SUDESTE,2018-01-06,2.362
SUDESTE,2018-01-13,2.273
SUDESTE,2018-01-20,2.343
SUDESTE,2018-01-27,2.325
SUDESTE,2018-02-03,2.203
SUDESTE,2018-02-10,2.258
SUDESTE,2018-02-17,2.39
SUDESTE,2018-02-24,2.255
SUDESTE,2018-03-03,2.243
SUDESTE,2018-03-10,2.292
SUDESTE,2018-03-17,2.297
SUDESTE,2018-03-24,2.236
SUDESTE,2018-03-31,2.286
SUDESTE,2018-04-07,2.262
SUDESTE,2018-04-14,2.256
SUDESTE,2018-04-21,2.279
SUDESTE,2018-04-28,2.258
SUDESTE,2018-05-05,2.26
SUDESTE,2018-05-12,2.395
SUDESTE,2018-05-19,2.295
SUDESTE,2018-05-26,2.26
SUDESTE,2018-06-02,2.671
SUDESTE,2018-06-09,2.364
SUDESTE,2018-06-16,2.276
SUDESTE,2018-06-23,2.287
SUDESTE,2018-06-30,2.294
SUDESTE,2018-07-07,2.351
SUDESTE,2018-07-14,2.277
SUDESTE,2018-07-21,2.3
SUDESTE,2018-07-28,2.261
SUDESTE,2018-08-04,2.341
SUDESTE,2018-08-11,2.328
SUDESTE,2018-08-18,2.291
SUDESTE,2018-08-25,2.229
SUDESTE,2018-09-01,2.407
SUDESTE,2018-09-08,2.488
SUDESTE,2018-09-15,2.359
SUDESTE,2018-09-22,2.351
SUDESTE,2018-09-29,2.364
SUDESTE,2018-10-06,2.314
SUDESTE,2018-10-13,2.334
SUDESTE,2018-10-20,2.27
SUDESTE,2018-10-27,2.36
SUDESTE,2018-11-03,2.34
SUDESTE,2018-11-10,2.329
SUDESTE,2018-11-17,2.308
SUDESTE,2018-11-24,2.433
SUDESTE,2018-12-01,2.398
SUDESTE,2018-12-08,2.299
SUDESTE,2018-12-15,2.25
SUDESTE,2018-12-22,2.309
SUDESTE,2018-12-29,2.352
SUDESTE,2019-01-05,2.353
SUDESTE,2019-01-12,2.367
SUDESTE,2019-01-19,2.636
SUDESTE,2019-01-26,2.422
SUDESTE,2019-02-02,2.427
SUDESTE,2019-02-09,2.56
SUDESTE,2019-02-16,2.559
SUDESTE,2019-02-23,2.585
SUDESTE,2019-03-02,2.722
SUDESTE,2019-03-09,2.752
SUDESTE,2019-03-16,2.831
SUDESTE,2019-03-23,2.833
SUDESTE,2019-03-30,2.834
SUDESTE,2019-04-06,2.764
SUDESTE,2019-04-13,2.742
SUDESTE,2019-04-20,2.82
SUDESTE,2019-04-27,2.954
SUDESTE,2019-05-04,2.82
SUDESTE,2019-05-11,2.868
SUDESTE,2019-05-18,2.803
SUDESTE,2019-05-25,2.736
SUDESTE,2019-06-01,2.699
SUDESTE,2019-06-08,2.648
SUDESTE,2019-06-15,2.63
SUDESTE,2019-06-22,2.593
SUDESTE,2019-06-29,2.557
SUL,2004-05-15,0.922
SUL,2004-05-22,0.922
SUL,2004-05-29,0.97
SUL,2004-06-05,1.046
SUL,2004-06-12,1.064
SUL,2004-06-19,1.071
SUL,2004-06-26,1.072
SUL,2004-07-03,1.066
SUL,2004-07-10,1.061
SUL,2004-07-17,1.055
SUL,2004-07-24,1.06
SUL,2004-07-31,1.132
SUL,2004-08-07,1.177
SUL,2004-08-14,1.191
SUL,2004-08-21,1.192
SUL,2004-08-28,1.192
SUL,2004-09-04,1.192
SUL,2004-09-11,1.192
SUL,2004-09-18,1.192
SUL,2004-09-25,1.192
SUL,2004-10-02,1.192
SUL,2004-10-09,1.192
SUL,2004-10-16,1.192
SUL,2004-10-23,1.192
SUL,2004-10-30,1.196
SUL,2004-11-06,1.168
SUL,2004-11-13,1.168
SUL,2004-11-20,1.168
SUL,2004-11-27,1.168
SUL,2004-12-04,1.168
SUL,2004-12-11,1.168
SUL,2004-12-18,1.168
SUL,2004-12-25,1.168
SUL,2005-01-01,1.168
SUL,2005-01-08,1.197
SUL,2005-01-15,1.199
SUL,2005-01-22,1.199
SUL,2005-01-29,1.199
SUL,2005-02-05,1.199
SUL,2005-02-12,1.201
SUL,2005-02-19,1.2
SUL,2005-02-26,1.204
SUL,2005-03-05,1.203
SUL,2005-03-12,1.207
SUL,2005-03-19,1.212
SUL,2005-03-26,1.212
SUL,2005-04-02,1.212
SUL,2005-04-09,1.214
SUL,2005-04-16,1.22
SUL,2005-04-23,1.22
SUL,2005-04-30,1.222
SUL,2005-05-07,1.224
SUL,2005-05-14,1.225
SUL,2005-05-21,1.226
SUL,2005-05-28,1.227
SUL,2005-06-04,1.228
SUL,2005-06-11,1.191
SUL,2005-06-18,1.154
SUL,2005-06-25,1.143
SUL,2005-07-02,1.148
SUL,2005-07-09,1.207
SUL,2005-07-16,1.229
SUL,2005-07-23,1.229
SUL,2005-07-30,1.23
SUL,2005-08-06,1.23
SUL,2005-08-13,1.231
SUL,2005-09-03,1.258
SUL,2005-09-10,1.253
SUL,2005-09-17,1.301
SUL,2005-09-24,1.319
SUL,2005-10-01,1.341
SUL,2005-10-08,1.293
SUL,2005-10-15,1.293
SUL,2005-10-22,1.295
SUL,2005-10-29,1.291
SUL,2005-11-05,1.295
SUL,2005-11-12,1.296
SUL,2005-11-19,1.286
SUL,2005-11-26,1.328
SUL,2005-12-03,1.329
SUL,2005-12-10,1.326
SUL,2005-12-17,1.329
SUL,2005-12-24,1.328
SUL,2005-12-31,1.296
SUL,2006-01-07,1.296
SUL,2006-01-14,1.296
SUL,2006-01-21,1.329
SUL,2006-01-28,1.328
SUL,2006-02-04,1.329
SUL,2006-02-11,1.329
SUL,2006-02-18,1.328
SUL,2006-02-25,1.328
SUL,2006-03-04,1.329
SUL,2006-03-11,1.329
SUL,2006-03-18,1.325
SUL,2006-03-25,1.325
SUL,2006-04-01,1.326
SUL,2006-04-08,1.329
SUL,2006-04-15,1.326
SUL,2006-04-22,1.322
SUL,2006-04-29,1.322
SUL,2006-05-06,1.329
SUL,2006-05-13,1.329
SUL,2006-05-20,1.329
SUL,2006-05-27,1.329
SUL,2006-06-03,1.325
SUL,2006-06-10,1.372
SUL,2006-06-17,1.374
SUL,2006-06-24,1.371
SUL,2006-07-01,1.369
SUL,2006-07-08,1.374
SUL,2006-07-15,1.372
SUL,2006-07-22,1.45
SUL,2006-07-29,1.453
SUL,2006-08-05,1.453
SUL,2006-08-12,1.449
SUL,2006-08-19,1.447
SUL,2006-08-26,1.45
SUL,2006-09-02,1.449
SUL,2006-09-09,1.451
SUL,2006-09-16,1.449
SUL,2006-09-23,1.449
SUL,2006-09-30,1.449
SUL,2006-10-07,1.434
SUL,2006-10-14,1.445
SUL,2006-10-21,1.451
SUL,2006-10-28,1.449
SUL,2006-11-04,1.499
SUL,2006-11-11,1.499
SUL,2006-11-18,1.451
SUL,2006-11-25,1.499
SUL,2006-12-02,1.457
SUL,2006-12-09,1.491
SUL,2006-12-16,1.448
SUL,2006-12-23,1.456
SUL,2006-12-30,1.457
SUL,2007-01-06,1.448
SUL,2007-01-13,1.457
SUL,2007-01-20,1.455
SUL,2007-01-27,1.45
SUL,2007-02-03,1.453
SUL,2007-02-10,1.454
SUL,2007-02-17,1.451
SUL,2007-02-24,1.499
SUL,2007-03-03,1.453
SUL,2007-03-10,1.45
SUL,2007-03-17,1.454
SUL,2007-03-24,1.451
SUL,2007-03-31,1.454
SUL,2007-04-07,1.452
SUL,2007-04-14,1.454
SUL,2007-04-21,1.453
SUL,2007-04-28,1.453
SUL,2007-05-05,1.453
SUL,2007-05-12,1.453
SUL,2007-05-19,1.453
SUL,2007-05-26,1.453
SUL,2007-06-02,1.453
SUL,2007-06-09,1.442
SUL,2007-06-16,1.408
SUL,2007-06-23,1.351
SUL,2007-06-30,1.292
SUL,2007-07-07,1.283
SUL,2007-07-14,1.323
SUL,2007-07-21,1.319
SUL,2007-07-28,1.305
SUL,2007-08-04,1.323
SUL,2007-08-11,1.323
SUL,2007-08-18,1.322
SUL,2007-08-25,1.315
SUL,2007-09-01,1.316
SUL,2007-09-08,1.312
SUL,2007-09-15,1.309
SUL,2007-09-22,1.312
SUL,2007-09-29,1.299
SUL,2007-10-06,1.287
SUL,2007-10-13,1.306
SUL,2007-10-20,1.301
SUL,2007-10-27,1.299
SUL,2007-11-03,1.301
SUL,2007-11-10,1.307
SUL,2007-11-17,1.352
SUL,2007-11-24,1.419
SUL,2007-12-01,1.422
SUL,2007-12-08,1.463
SUL,2007-12-15,1.497
SUL,2007-12-22,1.458
SUL,2007-12-29,1.474
SUL,2008-01-05,1.499
SUL,2008-01-12,1.497
SUL,2008-01-19,1.478
SUL,2008-01-26,1.461
SUL,2008-02-02,1.447
SUL,2008-02-09,1.437
SUL,2008-02-16,1.363
SUL,2008-02-23,1.313
SUL,2008-03-01,1.306
SUL,2008-03-08,1.418
SUL,2008-03-15,1.442
SUL,2008-03-22,1.436
SUL,2008-03-29,1.418
SUL,2008-04-05,1.417
SUL,2008-04-12,1.412
SUL,2008-04-19,1.383
SUL,2008-04-26,1.425
SUL,2008-05-03,1.41
SUL,2008-05-10,1.407
SUL,2008-05-17,1.403
SUL,2008-05-24,1.38
SUL,2008-05-31,1.35
SUL,2008-06-07,1.327
SUL,2008-06-14,1.311
SUL,2008-06-21,1.386
SUL,2008-06-28,1.361
SUL,2008-07-05,1.377
SUL,2008-07-12,1.413
SUL,2008-07-19,1.41
SUL,2008-07-26,1.362
SUL,2008-08-02,1.346
SUL,2008-08-09,1.335
SUL,2008-08-16,1.347
SUL,2008-08-23,1.343
SUL,2008-08-30,1.397
SUL,2008-09-06,1.394
SUL,2008-09-13,1.401
SUL,2008-09-20,1.414
SUL,2008-09-27,1.433
SUL,2008-10-04,1.435
SUL,2008-10-11,1.437
SUL,2008-10-18,1.438
SUL,2008-10-25,1.435
SUL,2008-11-01,1.446
SUL,2008-11-08,1.456
SUL,2008-11-15,1.455
SUL,2008-11-22,1.45
SUL,2008-11-29,1.451
SUL,2008-12-06,1.448
SUL,2008-12-13,1.436
SUL,2008-12-20,1.429
SUL,2008-12-27,1.467
SUL,2009-01-03,1.474
SUL,2009-01-10,1.467
SUL,2009-01-17,1.464
SUL,2009-01-24,1.455
SUL,2009-01-31,1.464
SUL,2009-02-07,1.47
SUL,2009-02-14,1.491
SUL,2009-02-21,1.477
SUL,2009-02-28,1.473
SUL,2009-03-07,1.464
SUL,2009-03-14,1.444
SUL,2009-03-21,1.436
SUL,2009-03-28,1.438
SUL,2009-04-04,1.432
SUL,2009-04-11,1.413
SUL,2009-04-18,1.404
SUL,2009-04-25,1.382
SUL,2009-05-02,1.405
SUL,2009-05-09,1.373
SUL,2009-05-16,1.349
SUL,2009-05-23,1.332
SUL,2009-05-30,1.313
SUL,2009-06-06,1.287
SUL,2009-06-13,1.376
SUL,2009-06-20,1.359
SUL,2009-06-27,1.331
SUL,2009-07-04,1.323
SUL,2009-07-11,1.369
SUL,2009-07-18,1.376
SUL,2009-07-25,1.395
SUL,2009-08-01,1.382
SUL,2009-08-08,1.38
SUL,2009-08-15,1.372
SUL,2009-09-05,1.369
SUL,2009-09-12,1.363
SUL,2009-09-19,1.4
SUL,2009-09-26,1.424
SUL,2009-10-03,1.436
SUL,2009-10-10,1.577
SUL,2009-10-17,1.589
SUL,2009-10-24,1.633
SUL,2009-10-31,1.592
SUL,2009-11-07,1.671
SUL,2009-11-14,1.592
SUL,2009-11-21,1.702
SUL,2009-11-28,1.599
SUL,2009-12-05,1.52
SUL,2009-12-12,1.597
SUL,2009-12-19,1.592
SUL,2009-12-26,1.599
SUL,2010-01-02,1.599
SUL,2010-01-09,1.589
SUL,2010-01-16,1.599
SUL,2010-01-23,1.599
SUL,2010-01-30,1.489
SUL,2010-02-06,1.688
SUL,2010-02-13,1.494
SUL,2010-02-20,1.496
SUL,2010-02-27,1.494
SUL,2010-03-06,1.518
SUL,2010-03-13,1.519
SUL,2010-03-20,1.617
SUL,2010-03-27,1.527
SUL,2010-04-03,1.493
SUL,2010-04-10,1.452
SUL,2010-04-17,1.479
SUL,2010-04-24,1.549
SUL,2010-05-01,1.501
SUL,2010-05-08,1.498
SUL,2010-05-15,1.494
SUL,2010-05-22,1.494
SUL,2010-05-29,1.489
SUL,2010-06-05,1.457
SUL,2010-06-12,1.45
SUL,2010-06-19,1.419
SUL,2010-06-26,1.407
SUL,2010-07-03,1.405
SUL,2010-07-10,1.399
SUL,2010-07-17,1.407
SUL,2010-07-24,1.429
SUL,2010-07-31,1.492
SUL,2010-08-07,1.494
SUL,2010-08-14,1.518
SUL,2010-08-21,1.528
SUL,2010-08-28,1.519
SUL,2010-09-04,1.54
SUL,2010-09-11,1.538
SUL,2010-09-18,1.538
SUL,2010-09-25,1.54
SUL,2010-10-02,1.562
SUL,2010-10-09,1.586
SUL,2010-10-16,1.68
SUL,2010-10-23,1.688
SUL,2010-10-30,1.685
SUL,2010-11-06,1.512
SUL,2010-11-13,1.497
SUL,2010-11-20,1.695
SUL,2010-11-27,1.697
SUL,2010-12-04,1.5
SUL,2010-12-11,1.493
SUL,2010-12-18,1.69
SUL,2010-12-25,1.696
SUL,2011-01-01,1.697
SUL,2011-01-08,1.697
SUL,2011-01-15,1.695
SUL,2011-01-22,1.693
SUL,2011-01-29,1.696
SUL,2011-02-05,1.7
SUL,2011-02-12,1.7
SUL,2011-02-19,1.695
SUL,2011-02-26,1.693
SUL,2011-03-05,1.492
SUL,2011-03-12,1.522
SUL,2011-03-19,1.492
SUL,2011-03-26,1.515
SUL,2011-04-02,1.711
SUL,2011-04-09,1.739
SUL,2011-04-16,1.78
SUL,2011-04-23,1.785
SUL,2011-04-30,1.782
SUL,2011-05-07,1.79
SUL,2011-05-14,1.765
SUL,2011-05-21,1.79
SUL,2011-05-28,1.594
SUL,2011-06-04,1.596
SUL,2011-06-11,1.73
SUL,2011-06-18,1.74
SUL,2011-06-25,1.802
SUL,2011-07-02,1.782
SUL,2011-07-09,1.795
SUL,2011-07-16,1.803
SUL,2011-07-23,1.785
SUL,2011-07-30,1.792
SUL,2011-08-06,1.796
SUL,2011-08-13,1.794
SUL,2011-08-20,1.802
SUL,2011-08-27,1.793
SUL,2011-09-03,1.933
SUL,2011-09-10,1.786
SUL,2011-09-17,1.791
SUL,2011-09-24,1.793
SUL,2011-10-01,1.789
SUL,2011-10-08,1.575
SUL,2011-10-15,1.841
SUL,2011-10-22,1.888
SUL,2011-10-29,1.803
SUL,2011-11-05,1.978
SUL,2011-11-12,1.803
SUL,2011-11-19,1.873
SUL,2011-11-26,1.803
SUL,2011-12-03,1.655
SUL,2011-12-10,1.859
SUL,2011-12-17,1.861
SUL,2011-12-24,1.878
SUL,2011-12-31,1.877
SUL,2012-01-07,1.881
SUL,2012-01-14,1.875
SUL,2012-01-21,1.518
SUL,2012-01-28,1.492
SUL,2012-02-04,1.876
SUL,2012-02-11,1.865
SUL,2012-02-18,1.872
SUL,2012-02-25,1.904
SUL,2012-03-03,1.873
SUL,2012-03-10,1.864
SUL,2012-03-17,1.873
SUL,2012-03-24,1.885
SUL,2012-03-31,1.523
SUL,2012-04-07,1.52
SUL,2012-04-14,1.879
SUL,2012-04-21,1.915
SUL,2012-04-28,1.94
SUL,2012-05-05,1.91
SUL,2012-05-12,1.915
SUL,2012-05-19,1.457
SUL,2012-05-26,1.499
SUL,2012-06-02,1.909
SUL,2012-06-09,1.6
SUL,2012-06-16,1.915
SUL,2012-06-23,1.915
SUL,2012-06-30,1.914
SUL,2012-07-07,1.921
SUL,2012-07-14,1.924
SUL,2012-07-21,1.911
SUL,2012-07-28,1.905
SUL,2012-08-04,1.896
SUL,2012-08-11,1.898
SUL,2012-08-18,1.891
SUL,2012-08-25,1.88
SUL,2012-09-01,1.874
SUL,2012-09-08,1.872
SUL,2012-09-15,1.873
SUL,2012-09-22,1.878
SUL,2012-09-29,1.871
SUL,2012-10-06,1.873
SUL,2012-10-13,1.875
SUL,2012-10-20,1.874
SUL,2012-10-27,1.867
SUL,2012-11-03,1.887
SUL,2012-11-10,1.92
SUL,2012-11-17,1.93
SUL,2012-11-24,1.943
SUL,2012-12-01,1.948
SUL,2012-12-08,1.957
SUL,2012-12-15,1.967
SUL,2012-12-22,1.966
SUL,2012-12-29,1.971
SUL,2013-01-05,1.975
SUL,2013-01-12,1.972
SUL,2013-01-19,1.973
SUL,2013-01-26,1.975
SUL,2013-02-02,1.979
SUL,2013-02-09,1.98
SUL,2013-02-16,1.987
SUL,2013-02-23,1.987
SUL,2013-03-02,1.981
SUL,2013-03-09,1.981
SUL,2013-03-16,1.697
SUL,2013-03-23,1.982
SUL,2013-03-30,1.991
SUL,2013-04-06,1.99
SUL,2013-04-13,1.99
SUL,2013-04-20,1.989
SUL,2013-04-27,1.988
SUL,2013-05-04,1.988
SUL,2013-05-11,1.986
SUL,2013-05-18,1.988
SUL,2013-05-25,1.988
SUL,2013-06-01,1.959
SUL,2013-06-08,1.911
SUL,2013-06-15,1.863
SUL,2013-06-22,1.857
SUL,2013-06-29,1.855
SUL,2013-07-06,1.849
SUL,2013-07-13,1.85
SUL,2013-07-20,1.86
SUL,2013-07-27,1.867
SUL,2013-08-03,1.872
SUL,2013-08-10,1.867
SUL,2013-08-17,1.862
SUL,2013-08-24,1.861
SUL,2013-08-31,1.857
SUL,2013-09-07,1.844
SUL,2013-09-14,1.84
SUL,2013-09-21,1.84
SUL,2013-09-28,1.829
SUL,2013-10-05,1.839
SUL,2013-10-12,1.842
SUL,2013-10-19,1.845
SUL,2013-10-26,1.876
SUL,2013-11-02,1.933
SUL,2013-11-09,1.938
SUL,2013-11-16,1.951
SUL,2013-11-23,1.942
SUL,2013-11-30,1.945
SUL,2013-12-07,1.98
SUL,2013-12-14,2.003
SUL,2013-12-21,2.019
SUL,2013-12-28,2.026
SUL,2014-01-04,2.034
SUL,2014-01-11,2.046
SUL,2014-01-18,2.049
SUL,2014-01-25,2.045
SUL,2014-02-01,2.049
SUL,2014-02-08,2.052
SUL,2014-02-15,2.049
SUL,2014-02-22,2.065
SUL,2014-03-01,2.099
SUL,2014-03-08,2.115
SUL,2014-03-15,2.139
SUL,2014-03-22,2.15
SUL,2014-03-29,2.151
SUL,2014-04-05,2.16
SUL,2014-04-12,2.16
SUL,2014-04-19,2.142
SUL,2014-04-26,2.13
SUL,2014-05-03,2.128
SUL,2014-05-10,2.126
SUL,2014-05-17,2.116
SUL,2014-05-24,2.085
SUL,2014-05-31,2.059
SUL,2014-06-07,2.051
SUL,2014-06-14,2.036
SUL,2014-06-21,2.019
SUL,2014-06-28,2.012
SUL,2014-07-05,1.991
SUL,2014-07-12,1.982
SUL,2014-07-19,1.981
SUL,2014-07-26,1.983
SUL,2014-08-02,1.989
SUL,2014-08-09,2.003
SUL,2014-08-16,2.011
SUL,2014-08-23,2.007
SUL,2014-08-30,2.006
SUL,2014-09-06,2.007
SUL,2014-09-13,1.998
SUL,2014-09-20,1.987
SUL,2014-09-27,1.992
SUL,2014-10-04,1.97
SUL,2014-10-11,1.979
SUL,2014-10-18,1.981
SUL,2014-10-25,1.979
SUL,2014-11-01,1.979
SUL,2014-11-08,1.982
SUL,2014-11-15,1.981
SUL,2014-11-22,1.994
SUL,2014-11-29,2.006
SUL,2014-12-06,2.005
SUL,2014-12-13,2.003
SUL,2014-12-20,2.014
SUL,2014-12-27,2.008
SUL,2015-01-03,2.009
SUL,2015-01-10,2.008
SUL,2015-01-17,2.01
SUL,2015-01-24,2.016
SUL,2015-01-31,2.03
SUL,2015-02-07,2.1
SUL,2015-02-14,2.078
SUL,2015-02-21,2.199
SUL,2015-02-28,2.182
SUL,2015-03-07,2.074
SUL,2015-03-14,2.186
SUL,2015-03-21,2.093
SUL,2015-03-28,2.247
SUL,2015-04-04,2.235
SUL,2015-04-11,2.216
SUL,2015-04-18,2.085
SUL,2015-04-25,2.182
SUL,2015-05-02,2.162
SUL,2015-05-09,2.157
SUL,2015-05-16,2.167
SUL,2015-05-23,2.105
SUL,2015-05-30,2.107
SUL,2015-06-06,2.109
SUL,2015-06-13,2.104
SUL,2015-06-20,2.146
SUL,2015-06-27,2.11
SUL,2015-07-04,2.088
SUL,2015-07-11,2.106
SUL,2015-07-18,2.087
SUL,2015-07-25,2.117
SUL,2015-08-01,2.113
SUL,2015-08-08,2.112
SUL,2015-08-15,2.119
SUL,2015-08-29,2.092
SUL,2015-09-05,2.09
SUL,2015-09-12,2.095
SUL,2015-09-19,2.099
SUL,2015-09-26,2.146
SUL,2015-10-03,2.171
SUL,2015-10-10,2.297
SUL,2015-10-17,2.249
SUL,2015-10-24,2.292
SUL,2015-10-31,2.284
SUL,2015-11-07,2.208
SUL,2015-11-14,2.211
SUL,2015-11-21,2.449
SUL,2015-11-28,2.456
SUL,2015-12-05,2.444
SUL,2015-12-12,2.457
SUL,2015-12-19,2.203
SUL,2015-12-26,2.436
SUL,2016-01-02,2.43
SUL,2016-01-09,2.191
SUL,2016-01-16,2.218
SUL,2016-01-23,2.22
SUL,2016-01-30,2.216
SUL,2016-02-06,2.216
SUL,2016-02-13,2.211
SUL,2016-02-20,2.775
SUL,2016-02-27,2.797
SUL,2016-03-05,2.205
SUL,2016-03-12,2.212
SUL,2016-03-19,2.433
SUL,2016-03-26,2.206
SUL,2016-04-02,2.2
SUL,2016-04-09,2.645
SUL,2016-04-16,2.64
SUL,2016-04-23,2.651
SUL,2016-04-30,2.211
SUL,2016-05-07,2.2
SUL,2016-05-14,2.198
SUL,2016-05-21,2.595
SUL,2016-05-28,2.583
SUL,2016-06-04,2.191
SUL,2016-06-11,2.181
SUL,2016-06-18,2.187
SUL,2016-06-25,2.536
SUL,2016-07-02,2.52
SUL,2016-07-09,2.519
SUL,2016-07-16,2.498
SUL,2016-07-23,2.155
SUL,2016-07-30,2.135
SUL,2016-08-06,2.133
SUL,2016-08-13,2.132
SUL,2016-08-20,2.125
SUL,2016-08-27,2.134
SUL,2016-09-03,2.192
SUL,2016-09-10,2.167
SUL,2016-09-17,2.128
SUL,2016-09-24,2.194
SUL,2016-10-01,2.137
SUL,2016-10-08,2.144
SUL,2016-10-15,2.135
SUL,2016-10-22,2.144
SUL,2016-10-29,2.136
SUL,2016-11-05,2.166
SUL,2016-11-12,2.165
SUL,2016-11-19,2.7
SUL,2016-11-26,2.118
SUL,2016-12-03,2.13
SUL,2016-12-10,2.116
SUL,2016-12-17,2.847
SUL,2016-12-24,2.423
SUL,2016-12-31,2.742
SUL,2017-01-07,2.744
SUL,2017-01-14,2.134
SUL,2017-01-21,2.124
SUL,2017-01-28,2.092
SUL,2017-02-04,2.71
SUL,2017-02-11,2.731
SUL,2017-02-18,2.72
SUL,2017-02-25,1.965
SUL,2017-03-04,1.939
SUL,2017-03-11,2.822
SUL,2017-03-18,2.702
SUL,2017-03-25,2.691
SUL,2017-04-01,2.712
SUL,2017-04-08,2.698
SUL,2017-04-15,2.708
SUL,2017-04-22,2.677
SUL,2017-04-29,1.959
SUL,2017-05-06,2.658
SUL,2017-05-13,2.668
SUL,2017-05-20,2.652
SUL,2017-05-27,1.934
SUL,2017-06-03,1.923
SUL,2017-06-10,1.922
SUL,2017-06-17,1.919
SUL,2017-06-24,1.92
SUL,2017-07-01,2.518
SUL,2017-07-08,2.511
SUL,2017-07-15,1.936
SUL,2017-07-22,1.935
SUL,2017-07-29,2.662
SUL,2017-08-05,2.709
SUL,2017-08-12,2.617
SUL,2017-08-19,2.691
SUL,2017-08-26,2.691
SUL,2017-09-02,2.706
SUL,2017-09-09,2.722
SUL,2017-09-16,2.714
SUL,2017-09-23,2.727
SUL,2017-09-30,2.71
SUL,2017-10-07,2.709
SUL,2017-10-14,2.701
SUL,2017-10-21,2.735
SUL,2017-10-28,2.716
SUL,2017-11-04,2.753
SUL,2017-11-11,2.739
SUL,2017-11-18,2.795
SUL,2017-11-25,2.824
SUL,2017-12-02,2.669
SUL,2017-12-09,2.876
SUL,2017-12-16,2.697
SUL,2017-12-23,2.952
SUL,2017-12-30,2.686
SUL,2018-01-06,2.762
SUL,2018-01-13,2.786
SUL,2018-01-20,3.052
SUL,2018-01-27,1.998
SUL,2018-02-03,2.022
SUL,2018-02-10,2.793
SUL,2018-02-17,3.087
SUL,2018-02-24,2.786
SUL,2018-03-03,2.805
SUL,2018-03-10,2.786
SUL,2018-03-17,2.782
SUL,2018-03-24,2.786
SUL,2018-03-31,2.813
SUL,2018-04-07,2.784
SUL,2018-04-14,2.788
SUL,2018-04-21,2.832
SUL,2018-04-28,2.819
SUL,2018-05-05,2.829
SUL,2018-05-12,2.099
SUL,2018-05-19,2.1
SUL,2018-05-26,2.137
SUL,2018-06-02,2.995
SUL,2018-06-09,3.05
SUL,2018-06-16,3.025
SUL,2018-06-23,2.813
SUL,2018-06-30,2.821
SUL,2018-07-07,2.797
SUL,2018-07-14,2.79
SUL,2018-07-21,2.58
SUL,2018-07-28,2.539
SUL,2018-08-04,2.683
SUL,2018-08-11,2.683
SUL,2018-08-18,2.666
SUL,2018-08-25,2.658
SUL,2018-09-01,2.655
SUL,2018-09-08,2.635
SUL,2018-09-15,2.7
SUL,2018-09-22,2.685
SUL,2018-09-29,2.692
SUL,2018-10-06,2.731
SUL,2018-10-13,2.977
SUL,2018-10-20,3.024
SUL,2018-10-27,3.038
SUL,2018-11-03,3.029
SUL,2018-11-10,2.997
SUL,2018-11-17,2.978
SUL,2018-11-24,2.951
SUL,2018-12-01,2.935
SUL,2018-12-08,2.885
SUL,2018-12-15,2.893
SUL,2018-12-22,2.87
SUL,2018-12-29,2.873
SUL,2019-01-05,2.875
SUL,2019-01-12,2.858
SUL,2019-01-19,2.854
SUL,2019-01-26,2.844
SUL,2019-02-02,2.814
SUL,2019-02-09,2.818
SUL,2019-02-16,2.797
SUL,2019-02-23,2.801
SUL,2019-03-02,2.882
SUL,2019-03-09,2.859
SUL,2019-03-16,2.915
SUL,2019-03-23,2.895
SUL,2019-03-30,2.865
SUL,2019-04-06,2.882
SUL,2019-04-13,2.976
SUL,2019-04-20,2.884
SUL,2019-04-27,2.905
SUL,2019-05-04,2.891
SUL,2019-05-11,2.885
SUL,2019-05-18,2.883
SUL,2019-05-25,2.892
SUL,2019-06-01,2.891
SUL,2019-06-08,2.871
SUL,2019-06-15,2.861
SUL,2019-06-22,2.863
SUL,2019-06-29,2.851
